Time,Ax,FilteredAx,Vx,Px,Ay,FilteredAy,Vy,Py,Az,FilteredAz,Vz,Pz,State
0.00,0.09,0.09,0.00,0.00,-0.15,-0.15,-0.00,-0.00,10.65,10.65,0.01,0.00,0
0.01,0.86,0.48,0.01,0.00,-0.41,-0.28,-0.00,-0.00,10.65,10.65,0.02,0.00,0
0.02,0.36,0.44,0.01,0.00,-0.85,-0.47,-0.01,-0.00,10.71,10.67,0.03,0.00,0
0.03,0.42,0.43,0.01,0.00,-0.01,-0.35,-0.01,-0.00,10.75,10.69,0.03,0.00,0
0.04,0.63,0.47,0.02,0.00,0.95,-0.09,-0.01,-0.00,10.74,10.70,0.04,0.00,0
0.05,0.89,0.54,0.02,0.00,-0.25,-0.12,-0.01,-0.00,10.72,10.70,0.05,0.00,0
0.06,-0.64,0.37,0.03,0.00,-0.67,-0.20,-0.02,-0.00,10.74,10.71,0.06,0.00,0
0.07,-0.50,0.26,0.03,0.00,0.35,-0.13,-0.02,-0.00,10.66,10.70,0.07,0.00,0
0.08,-0.24,0.21,0.03,0.00,0.41,-0.07,-0.02,-0.00,10.70,10.70,0.08,0.00,0
0.09,0.19,0.21,0.03,0.00,-0.12,-0.07,-0.02,-0.00,10.61,10.69,0.09,0.00,0
0.10,-0.94,0.10,0.04,0.00,0.42,-0.02,-0.02,-0.00,10.62,10.69,0.10,0.01,0
0.11,-0.07,0.01,0.04,0.00,-0.94,-0.07,-0.02,-0.00,10.64,10.69,0.10,0.01,0
0.12,0.72,0.05,0.04,0.00,-0.57,-0.04,-0.02,-0.00,10.67,10.68,0.11,0.01,0
0.13,0.44,0.05,0.04,0.00,0.54,0.01,-0.02,-0.00,10.69,10.68,0.12,0.01,0
0.14,-0.74,-0.09,0.04,0.00,-0.34,-0.12,-0.02,-0.00,10.70,10.67,0.13,0.01,0
0.15,-0.18,-0.20,0.03,0.00,0.78,-0.01,-0.02,-0.00,10.69,10.67,0.14,0.01,0
0.16,0.21,-0.11,0.03,0.00,-0.49,0.00,-0.02,-0.00,10.64,10.66,0.15,0.01,0
0.17,0.61,0.00,0.03,0.00,0.32,0.00,-0.02,-0.00,10.67,10.66,0.16,0.01,0
0.18,-0.12,0.01,0.03,0.01,0.91,0.05,-0.02,-0.00,10.61,10.65,0.16,0.02,0
0.19,-0.98,-0.10,0.03,0.01,-0.69,-0.01,-0.02,-0.00,10.70,10.66,0.17,0.02,0
0.20,0.18,0.01,0.03,0.01,0.80,0.03,-0.02,-0.00,10.73,10.67,0.18,0.02,0
0.21,-0.88,-0.07,0.03,0.01,-0.73,0.05,-0.02,-0.00,10.70,10.68,0.19,0.02,0
0.22,0.56,-0.09,0.03,0.01,0.88,0.20,-0.02,-0.00,10.63,10.67,0.20,0.02,0
0.23,0.70,-0.06,0.03,0.01,0.23,0.17,-0.02,-0.00,10.71,10.67,0.21,0.03,0
0.24,0.52,0.06,0.03,0.01,-0.75,0.13,-0.02,-0.00,10.74,10.68,0.22,0.03,0
0.25,-0.02,0.08,0.03,0.01,-0.36,0.01,-0.02,-0.00,10.74,10.68,0.23,0.03,0
0.26,-0.42,0.01,0.03,0.01,0.15,0.08,-0.01,-0.00,10.61,10.68,0.23,0.03,0
0.27,0.86,0.04,0.03,0.01,0.95,0.14,-0.01,-0.00,10.64,10.68,0.24,0.04,0
0.28,0.35,0.09,0.03,0.01,-0.81,-0.03,-0.01,-0.00,10.71,10.69,0.25,0.04,0
0.29,-0.63,0.12,0.03,0.01,0.05,0.04,-0.01,-0.01,10.67,10.68,0.26,0.04,0
0.30,-0.67,0.04,0.03,0.01,-0.34,-0.07,-0.01,-0.01,10.69,10.68,0.27,0.04,0
0.31,-0.25,0.10,0.04,0.01,-0.69,-0.07,-0.01,-0.01,10.64,10.67,0.28,0.05,0
0.32,0.44,0.09,0.04,0.01,-0.39,-0.20,-0.02,-0.01,10.73,10.68,0.29,0.05,0
0.33,-0.53,-0.03,0.04,0.01,0.88,-0.13,-0.02,-0.01,10.75,10.69,0.30,0.05,0
0.34,0.82,-0.00,0.04,0.01,0.08,-0.05,-0.02,-0.01,10.69,10.68,0.30,0.05,0
0.35,0.60,0.06,0.04,0.01,0.75,0.06,-0.02,-0.01,10.73,10.68,0.31,0.06,0
0.36,0.45,0.14,0.04,0.01,-0.81,-0.03,-0.02,-0.01,10.75,10.70,0.32,0.06,0
0.37,-0.18,0.04,0.04,0.01,0.01,-0.13,-0.02,-0.01,10.68,10.70,0.33,0.06,0
0.38,-0.41,-0.04,0.04,0.01,0.53,0.01,-0.02,-0.01,10.64,10.69,0.34,0.07,0
0.39,-0.92,-0.06,0.04,0.01,-0.93,-0.09,-0.02,-0.01,10.66,10.69,0.35,0.07,0
0.40,-0.46,-0.04,0.04,0.01,-0.89,-0.15,-0.02,-0.01,10.68,10.69,0.36,0.07,0
0.41,0.85,0.07,0.04,0.01,-0.43,-0.12,-0.02,-0.01,10.70,10.70,0.37,0.08,0
0.42,-0.27,-0.00,0.04,0.01,0.00,-0.08,-0.02,-0.01,10.75,10.70,0.37,0.08,0
0.43,-0.97,-0.05,0.04,0.01,-1.00,-0.27,-0.03,-0.01,10.66,10.69,0.38,0.09,0
0.44,0.55,-0.08,0.04,0.01,0.99,-0.18,-0.03,-0.01,10.62,10.68,0.39,0.09,0
0.45,0.44,-0.09,0.04,0.01,-0.32,-0.28,-0.03,-0.01,10.62,10.67,0.40,0.09,0
0.46,0.72,-0.06,0.03,0.01,-0.73,-0.28,-0.03,-0.01,10.72,10.67,0.41,0.10,0
0.47,0.16,-0.03,0.03,0.02,0.28,-0.25,-0.04,-0.01,10.70,10.67,0.42,0.10,1
0.48,0.31,0.04,0.03,0.02,-0.75,-0.38,-0.04,-0.01,10.63,10.67,0.43,0.11,1
0.49,-0.92,0.04,0.04,0.02,0.43,-0.24,-0.04,-0.01,10.65,10.67,0.44,0.11,1
0.50,-0.95,-0.01,0.04,0.02,-0.39,-0.19,-0.04,-0.01,10.61,10.66,0.44,0.12,1
0.51,-0.53,-0.15,0.03,0.02,0.56,-0.09,-0.05,-0.01,10.61,10.65,0.45,0.12,1
0.52,0.92,-0.03,0.03,0.02,0.60,-0.03,-0.05,-0.01,10.62,10.64,0.46,0.12,1
0.53,0.82,0.15,0.03,0.02,0.57,0.12,-0.04,-0.01,10.73,10.65,0.47,0.13,1
0.54,-0.55,0.04,0.04,0.02,0.51,0.08,-0.04,-0.01,10.64,10.65,0.48,0.13,1
0.55,-0.25,-0.03,0.03,0.02,-0.72,0.04,-0.04,-0.01,10.72,10.66,0.49,0.14,1
0.56,0.06,-0.09,0.03,0.02,0.38,0.15,-0.04,-0.01,10.69,10.66,0.49,0.14,1
0.57,0.41,-0.07,0.03,0.02,0.51,0.17,-0.04,-0.01,10.75,10.66,0.50,0.15,1
0.58,-0.13,-0.11,0.03,0.02,0.92,0.34,-0.04,-0.01,10.74,10.67,0.51,0.15,1
0.59,-0.67,-0.09,0.03,0.02,0.76,0.37,-0.03,-0.01,10.67,10.67,0.52,0.16,1
0.60,0.88,0.10,0.03,0.02,-0.33,0.38,-0.03,-0.01,10.64,10.68,0.53,0.16,1
0.61,-0.12,0.14,0.03,0.02,-0.47,0.27,-0.03,-0.01,10.66,10.68,0.54,0.17,1
0.62,-0.46,-0.00,0.03,0.02,0.02,0.21,-0.02,-0.01,10.68,10.69,0.55,0.18,1
0.63,0.02,-0.08,0.03,0.02,0.21,0.18,-0.02,-0.02,10.63,10.68,0.55,0.18,1
0.64,0.09,-0.02,0.03,0.02,0.90,0.22,-0.02,-0.02,10.71,10.69,0.56,0.19,1
0.65,0.89,0.10,0.03,0.02,-0.92,0.20,-0.02,-0.02,10.69,10.68,0.57,0.19,1
0.66,-0.99,-0.01,0.03,0.02,-0.76,0.08,-0.02,-0.02,10.62,10.68,0.58,0.20,1
0.67,0.57,0.01,0.03,0.02,-0.26,0.01,-0.02,-0.02,10.67,10.67,0.59,0.20,1
0.68,-0.88,-0.07,0.03,0.02,0.62,-0.02,-0.02,-0.02,10.71,10.66,0.60,0.21,1
0.69,-0.85,-0.09,0.03,0.02,0.25,-0.07,-0.02,-0.02,10.75,10.67,0.61,0.22,1
0.70,0.48,-0.12,0.03,0.02,-0.46,-0.09,-0.02,-0.02,10.66,10.67,0.62,0.22,1
0.71,-0.51,-0.16,0.03,0.02,-0.92,-0.13,-0.02,-0.02,10.67,10.68,0.62,0.23,1
0.72,-0.52,-0.17,0.03,0.02,-0.13,-0.15,-0.02,-0.02,10.71,10.68,0.63,0.23,1
0.73,-0.89,-0.26,0.02,0.02,0.00,-0.17,-0.02,-0.02,10.64,10.68,0.64,0.24,1
0.74,0.43,-0.23,0.02,0.02,0.58,-0.20,-0.03,-0.02,10.73,10.68,0.65,0.25,1
0.75,0.94,-0.22,0.02,0.02,0.50,-0.06,-0.03,-0.02,10.63,10.68,0.66,0.25,1
0.76,0.42,-0.08,0.02,0.02,0.29,0.05,-0.03,-0.02,10.65,10.68,0.67,0.26,1
0.77,0.66,-0.07,0.02,0.02,0.85,0.16,-0.02,-0.02,10.66,10.68,0.68,0.27,1
0.78,0.56,0.07,0.02,0.02,-0.27,0.07,-0.02,-0.02,10.62,10.67,0.68,0.27,1
0.79,0.34,0.19,0.02,0.02,0.97,0.14,-0.02,-0.02,10.62,10.66,0.69,0.28,1
0.80,-0.26,0.12,0.02,0.03,-0.48,0.14,-0.02,-0.02,10.64,10.65,0.70,0.29,1
0.81,0.32,0.20,0.02,0.03,-0.34,0.20,-0.02,-0.02,10.68,10.65,0.71,0.30,1
0.82,0.80,0.33,0.03,0.03,-0.39,0.17,-0.02,-0.02,10.61,10.64,0.72,0.30,1
0.83,0.23,0.44,0.03,0.03,0.24,0.20,-0.02,-0.02,10.71,10.65,0.73,0.31,1
0.84,0.87,0.49,0.04,0.03,-0.60,0.08,-0.01,-0.02,10.69,10.65,0.74,0.32,1
0.85,-0.88,0.31,0.04,0.03,0.93,0.12,-0.01,-0.02,10.69,10.65,0.74,0.32,1
0.86,0.30,0.29,0.04,0.03,-0.48,0.04,-0.01,-0.02,10.66,10.65,0.75,0.33,1
0.87,-0.74,0.15,0.04,0.03,-0.32,-0.07,-0.01,-0.02,10.64,10.65,0.76,0.34,1
0.88,0.29,0.13,0.05,0.03,0.83,0.04,-0.01,-0.02,10.63,10.65,0.77,0.35,1
0.89,-0.65,0.03,0.05,0.03,0.79,0.02,-0.01,-0.02,10.74,10.67,0.78,0.36,1
0.90,-0.15,0.04,0.05,0.03,0.65,0.13,-0.01,-0.02,10.70,10.67,0.79,0.36,1
0.91,-0.22,-0.02,0.05,0.03,0.34,0.20,-0.01,-0.02,10.68,10.67,0.79,0.37,1
0.92,-0.10,-0.11,0.05,0.03,-0.22,0.22,-0.01,-0.02,10.63,10.67,0.80,0.38,1
0.93,0.83,-0.05,0.05,0.03,0.86,0.28,-0.00,-0.02,10.71,10.67,0.81,0.39,1
0.94,0.75,-0.06,0.04,0.03,-0.02,0.34,-0.00,-0.02,10.68,10.67,0.82,0.40,1
0.95,0.33,0.06,0.05,0.03,0.44,0.29,0.00,-0.02,10.63,10.67,0.83,0.40,1
0.96,0.01,0.04,0.05,0.03,-0.12,0.32,0.00,-0.02,10.75,10.68,0.84,0.41,1
0.97,0.65,0.17,0.05,0.03,0.03,0.36,0.01,-0.02,10.64,10.68,0.85,0.42,1
0.98,0.14,0.16,0.05,0.03,0.55,0.33,0.01,-0.02,10.73,10.69,0.86,0.43,1
0.99,0.42,0.27,0.05,0.03,-0.80,0.17,0.01,-0.02,10.64,10.68,0.86,0.44,1
1.00,0.73,0.35,0.06,0.03,-0.99,0.01,0.01,-0.02,10.70,10.68,0.87,0.45,1
1.01,0.33,0.41,0.06,0.03,0.96,0.07,0.01,-0.02,10.68,10.68,0.88,0.46,1
1.02,-0.95,0.32,0.06,0.04,0.61,0.15,0.02,-0.02,10.73,10.69,0.89,0.46,1
1.03,0.80,0.32,0.07,0.04,-0.49,0.02,0.02,-0.02,10.75,10.69,0.90,0.47,1
1.04,-0.74,0.17,0.07,0.04,0.06,0.02,0.02,-0.02,10.71,10.69,0.91,0.48,1
1.05,0.16,0.16,0.07,0.04,-0.28,-0.05,0.02,-0.02,10.73,10.70,0.92,0.49,1
1.06,-0.26,0.13,0.07,0.04,0.89,0.05,0.02,-0.02,10.65,10.69,0.93,0.50,1
1.07,-0.18,0.04,0.07,0.04,0.86,0.14,0.02,-0.02,10.66,10.69,0.93,0.51,1
1.08,-0.01,0.03,0.07,0.04,-0.99,-0.02,0.02,-0.02,10.65,10.69,0.94,0.52,1
1.09,-0.42,-0.05,0.07,0.04,0.39,0.10,0.02,-0.02,10.70,10.69,0.95,0.53,1
1.10,0.47,-0.08,0.07,0.04,-0.59,0.14,0.02,-0.02,10.73,10.70,0.96,0.54,1
1.11,0.28,-0.09,0.07,0.04,-0.09,0.04,0.02,-0.02,10.61,10.69,0.97,0.55,1
1.12,0.36,0.05,0.07,0.04,0.64,0.04,0.02,-0.02,10.68,10.68,0.98,0.56,1
1.13,0.26,-0.01,0.07,0.04,-0.40,0.05,0.02,-0.02,10.62,10.67,0.99,0.57,1
1.14,-0.47,0.02,0.07,0.04,-0.84,-0.04,0.02,-0.02,10.69,10.67,1.00,0.58,1
1.15,-0.38,-0.04,0.07,0.04,0.42,0.03,0.02,-0.02,10.61,10.66,1.00,0.59,1
1.16,-0.29,-0.04,0.07,0.04,0.49,-0.01,0.02,-0.02,10.63,10.65,1.01,0.60,1
1.17,-0.69,-0.09,0.07,0.05,-1.00,-0.20,0.02,-0.02,10.71,10.66,1.02,0.61,1
1.18,0.17,-0.07,0.07,0.05,0.87,-0.01,0.02,-0.02,10.71,10.67,1.03,0.62,1
1.19,-0.61,-0.09,0.07,0.05,0.44,-0.01,0.02,-0.02,10.65,10.66,1.04,0.63,1
1.20,-0.40,-0.18,0.06,0.05,-0.77,-0.02,0.02,-0.02,10.62,10.65,1.05,0.64,1
1.21,0.89,-0.12,0.06,0.05,-0.39,-0.05,0.02,-0.02,10.62,10.65,1.05,0.65,1
1.22,0.14,-0.14,0.06,0.05,-0.81,-0.20,0.02,-0.02,10.70,10.65,1.06,0.66,1
1.23,-0.85,-0.25,0.06,0.05,-0.07,-0.17,0.01,-0.02,10.61,10.65,1.07,0.67,1
1.24,0.50,-0.15,0.06,0.05,-0.82,-0.16,0.01,-0.02,10.70,10.65,1.08,0.68,1
1.25,-0.69,-0.18,0.06,0.05,-0.29,-0.24,0.01,-0.02,10.63,10.65,1.09,0.69,1
1.26,-0.26,-0.18,0.05,0.05,0.82,-0.20,0.01,-0.02,10.72,10.66,1.10,0.70,1
1.27,0.12,-0.10,0.05,0.05,-0.58,-0.16,0.01,-0.02,10.61,10.65,1.11,0.71,1
1.28,0.19,-0.10,0.05,0.05,0.32,-0.21,0.00,-0.02,10.64,10.65,1.11,0.73,1
1.29,0.43,0.01,0.05,0.05,0.14,-0.24,0.00,-0.02,10.73,10.65,1.12,0.74,1
1.30,-0.51,-0.00,0.05,0.05,0.56,-0.11,0.00,-0.02,10.75,10.67,1.13,0.75,1
1.31,-0.58,-0.15,0.05,0.05,0.33,-0.04,0.00,-0.02,10.61,10.67,1.14,0.76,1
1.32,-0.73,-0.24,0.05,0.05,0.21,0.06,0.00,-0.02,10.73,10.67,1.15,0.77,1
1.33,0.07,-0.15,0.05,0.05,-0.04,0.07,0.00,-0.02,10.73,10.68,1.16,0.78,1
1.34,0.34,-0.16,0.05,0.05,-0.27,0.12,0.00,-0.02,10.67,10.68,1.17,0.79,1
1.35,0.53,-0.04,0.04,0.06,0.28,0.18,0.00,-0.02,10.61,10.68,1.17,0.81,1
1.36,0.24,0.01,0.04,0.06,-0.71,0.02,0.00,-0.02,10.74,10.68,1.18,0.82,1
1.37,0.33,0.03,0.05,0.06,-0.23,0.06,0.01,-0.02,10.74,10.69,1.19,0.83,1
1.38,-1.00,-0.09,0.04,0.06,0.28,0.05,0.01,-0.02,10.69,10.70,1.20,0.84,1
1.39,0.71,-0.06,0.04,0.06,0.62,0.10,0.01,-0.02,10.71,10.69,1.21,0.85,1
1.40,-0.48,-0.06,0.04,0.06,-0.13,0.03,0.01,-0.02,10.75,10.69,1.22,0.87,1
1.41,0.65,0.07,0.04,0.06,0.37,0.04,0.01,-0.01,10.75,10.71,1.23,0.88,1
1.42,-0.60,0.08,0.04,0.06,0.18,0.03,0.01,-0.01,10.70,10.71,1.24,0.89,1
1.43,0.31,0.10,0.05,0.06,-0.12,0.03,0.01,-0.01,10.71,10.70,1.24,0.90,1
1.44,-0.32,0.04,0.05,0.06,-0.20,0.03,0.01,-0.01,10.71,10.71,1.25,0.92,1
1.45,0.98,0.08,0.05,0.06,0.41,0.05,0.01,-0.01,10.61,10.71,1.26,0.93,1
1.46,-0.60,-0.00,0.05,0.06,0.49,0.17,0.01,-0.01,10.74,10.71,1.27,0.94,1
1.47,0.92,0.06,0.05,0.06,-0.89,0.10,0.01,-0.01,10.74,10.71,1.28,0.95,1
1.48,-0.31,0.13,0.05,0.06,-0.07,0.07,0.01,-0.01,10.75,10.71,1.29,0.97,1
1.49,-0.37,0.02,0.05,0.06,0.13,0.02,0.01,-0.01,10.68,10.71,1.30,0.98,1
1.50,-0.64,0.00,0.05,0.06,-0.01,0.03,0.01,-0.01,10.65,10.70,1.31,0.99,1
1.51,-0.66,-0.13,0.05,0.06,-0.97,-0.10,0.01,-0.01,10.65,10.69,1.32,1.01,1
1.52,-0.64,-0.13,0.05,0.06,-0.18,-0.14,0.01,-0.01,10.67,10.69,1.33,1.02,1
1.53,0.63,-0.10,0.05,0.06,-0.72,-0.20,0.01,-0.01,10.61,10.68,1.33,1.03,1
1.54,-0.53,-0.12,0.04,0.06,-0.26,-0.21,0.01,-0.01,10.67,10.67,1.34,1.05,1
1.55,-0.70,-0.29,0.04,0.06,0.40,-0.21,0.00,-0.01,10.73,10.69,1.35,1.06,1
1.56,0.38,-0.19,0.04,0.06,0.68,-0.19,0.00,-0.01,10.63,10.67,1.36,1.07,1
1.57,0.15,-0.27,0.04,0.07,0.48,-0.05,0.00,-0.01,10.62,10.66,1.37,1.09,1
1.58,-0.68,-0.31,0.03,0.07,-0.67,-0.11,0.00,-0.01,10.72,10.66,1.38,1.10,1
1.59,0.59,-0.21,0.03,0.07,0.68,-0.06,0.00,-0.01,10.67,10.66,1.39,1.11,1
1.60,-0.33,-0.18,0.03,0.07,-0.44,-0.10,-0.00,-0.01,10.66,10.66,1.39,1.13,1
1.61,0.38,-0.07,0.03,0.07,-0.68,-0.07,-0.00,-0.01,10.68,10.66,1.40,1.14,1
1.62,-0.23,-0.03,0.03,0.07,-0.17,-0.07,-0.00,-0.01,10.69,10.66,1.41,1.16,1
1.63,0.44,-0.05,0.03,0.07,-0.71,-0.07,-0.00,-0.01,10.63,10.67,1.42,1.17,1
1.64,-0.46,-0.05,0.03,0.07,-0.20,-0.06,-0.00,-0.01,10.65,10.66,1.43,1.19,1
1.65,0.14,0.04,0.03,0.07,-0.89,-0.19,-0.01,-0.01,10.63,10.65,1.44,1.20,1
1.66,-0.35,-0.03,0.03,0.07,-0.53,-0.31,-0.01,-0.01,10.75,10.67,1.45,1.21,1
1.67,-0.76,-0.13,0.03,0.07,0.74,-0.29,-0.01,-0.01,10.65,10.67,1.45,1.23,1
1.68,-0.13,-0.07,0.03,0.07,0.42,-0.18,-0.01,-0.01,10.70,10.67,1.46,1.24,1
1.69,-0.55,-0.19,0.02,0.07,-0.24,-0.27,-0.02,-0.01,10.73,10.67,1.47,1.26,1
1.70,-0.98,-0.25,0.02,0.07,-0.92,-0.32,-0.02,-0.01,10.66,10.67,1.48,1.27,1
1.71,-0.38,-0.33,0.02,0.07,0.99,-0.15,-0.02,-0.01,10.71,10.68,1.49,1.29,1
1.72,0.77,-0.23,0.02,0.07,-0.33,-0.17,-0.02,-0.01,10.64,10.67,1.50,1.30,1
1.73,0.99,-0.17,0.01,0.07,0.87,-0.01,-0.02,-0.02,10.67,10.68,1.51,1.32,1
1.74,-0.39,-0.16,0.01,0.07,-0.94,-0.08,-0.02,-0.02,10.66,10.68,1.51,1.33,1
1.75,-0.23,-0.20,0.01,0.07,0.16,0.02,-0.02,-0.02,10.61,10.67,1.52,1.35,1
1.76,-0.77,-0.24,0.01,0.07,0.14,0.09,-0.02,-0.02,10.75,10.67,1.53,1.36,1
1.77,0.07,-0.16,0.01,0.07,-0.22,-0.01,-0.02,-0.02,10.67,10.68,1.54,1.38,1
1.78,-0.96,-0.24,0.00,0.07,0.49,-0.00,-0.02,-0.02,10.70,10.68,1.55,1.39,1
1.79,-0.75,-0.26,0.00,0.07,-0.41,-0.02,-0.02,-0.02,10.68,10.67,1.56,1.41,1
1.80,-0.08,-0.17,-0.00,0.07,-0.18,0.06,-0.02,-0.02,10.61,10.67,1.57,1.43,1
1.81,0.95,-0.04,-0.00,0.07,-0.64,-0.11,-0.02,-0.02,10.67,10.66,1.57,1.44,1
1.82,-0.52,-0.17,-0.00,0.07,0.48,-0.03,-0.02,-0.02,10.67,10.67,1.58,1.46,1
1.83,0.71,-0.20,-0.00,0.07,0.72,-0.04,-0.02,-0.02,10.72,10.67,1.59,1.47,1
1.84,-1.00,-0.26,-0.01,0.07,-0.60,-0.01,-0.02,-0.02,10.71,10.68,1.60,1.49,1
1.85,0.96,-0.14,-0.01,0.07,-0.68,-0.09,-0.02,-0.02,10.62,10.68,1.61,1.51,1
1.86,-0.97,-0.16,-0.01,0.07,0.45,-0.06,-0.03,-0.02,10.69,10.67,1.62,1.52,1
1.87,-0.02,-0.17,-0.01,0.07,0.25,-0.01,-0.03,-0.02,10.62,10.67,1.63,1.54,1
1.88,-0.63,-0.13,-0.01,0.07,0.76,0.02,-0.03,-0.02,10.67,10.66,1.63,1.55,1
1.89,-0.91,-0.15,-0.01,0.07,0.30,0.09,-0.02,-0.02,10.70,10.66,1.64,1.57,1
1.90,-0.83,-0.23,-0.02,0.07,-0.56,0.05,-0.02,-0.02,10.74,10.68,1.65,1.59,1
1.91,-0.02,-0.32,-0.02,0.07,-0.11,0.10,-0.02,-0.02,10.68,10.68,1.66,1.60,1
1.92,-0.18,-0.29,-0.02,0.07,0.50,0.10,-0.02,-0.02,10.68,10.68,1.67,1.62,1
1.93,0.19,-0.34,-0.03,0.07,-0.35,-0.00,-0.02,-0.02,10.63,10.67,1.68,1.64,1
1.94,0.84,-0.16,-0.03,0.07,-0.75,-0.02,-0.02,-0.02,10.74,10.67,1.69,1.65,1
1.95,-0.74,-0.33,-0.03,0.07,-0.17,0.03,-0.02,-0.02,10.64,10.68,1.70,1.67,1
1.96,0.27,-0.20,-0.03,0.07,0.44,0.03,-0.02,-0.02,10.69,10.68,1.70,1.69,1
1.97,0.93,-0.11,-0.03,0.07,0.33,0.04,-0.02,-0.02,10.71,10.68,1.71,1.70,1
1.98,0.88,0.04,-0.03,0.07,-0.18,-0.05,-0.02,-0.02,10.72,10.69,1.72,1.72,1
1.99,-0.75,0.06,-0.03,0.07,-0.29,-0.11,-0.02,-0.02,10.61,10.68,1.73,1.74,1
2.00,0.22,0.16,-0.03,0.07,-0.13,-0.07,-0.02,-0.02,10.64,10.67,1.74,1.76,1
2.01,-0.47,0.12,-0.03,0.07,-0.88,-0.15,-0.02,-0.02,10.62,10.66,1.75,1.77,1
2.02,0.03,0.14,-0.03,0.07,0.32,-0.17,-0.03,-0.02,10.68,10.66,1.76,1.79,1
2.03,0.05,0.13,-0.03,0.07,-0.27,-0.16,-0.03,-0.02,10.63,10.66,1.76,1.81,1
2.04,-0.99,-0.06,-0.03,0.06,0.66,-0.02,-0.03,-0.02,10.64,10.65,1.77,1.83,1
2.05,0.03,0.02,-0.03,0.06,-0.66,-0.07,-0.03,-0.02,10.71,10.66,1.78,1.85,1
2.06,0.92,0.08,-0.03,0.06,-0.11,-0.12,-0.03,-0.02,10.67,10.66,1.79,1.86,1
2.07,-0.53,-0.06,-0.03,0.06,-0.19,-0.17,-0.03,-0.02,10.62,10.65,1.80,1.88,1
2.08,0.92,-0.06,-0.03,0.06,0.70,-0.08,-0.03,-0.02,10.73,10.65,1.81,1.90,1
2.09,-0.07,0.01,-0.03,0.06,0.58,0.00,-0.03,-0.02,10.71,10.66,1.82,1.92,1
2.10,-0.81,-0.09,-0.03,0.06,0.03,0.02,-0.03,-0.02,10.70,10.67,1.82,1.94,1
2.11,0.69,0.02,-0.03,0.06,0.10,0.12,-0.03,-0.02,10.74,10.68,1.83,1.95,1
2.12,-0.32,-0.01,-0.03,0.06,0.70,0.15,-0.03,-0.02,10.63,10.67,1.84,1.97,1
2.13,-0.49,-0.07,-0.03,0.06,0.77,0.26,-0.03,-0.03,10.73,10.68,1.85,1.99,1
2.14,0.77,0.11,-0.03,0.06,-0.21,0.17,-0.03,-0.03,10.64,10.68,1.86,2.01,1
2.15,-0.82,0.03,-0.03,0.06,-0.82,0.16,-0.02,-0.03,10.72,10.69,1.87,2.03,1
2.16,-0.68,-0.13,-0.03,0.06,0.69,0.24,-0.02,-0.03,10.64,10.68,1.88,2.05,1
2.17,0.13,-0.07,-0.03,0.06,0.14,0.27,-0.02,-0.03,10.66,10.69,1.89,2.07,1
2.18,-0.84,-0.24,-0.03,0.06,0.53,0.25,-0.02,-0.03,10.62,10.68,1.89,2.08,1
2.19,-0.50,-0.29,-0.04,0.06,-0.78,0.12,-0.02,-0.03,10.75,10.68,1.90,2.10,1
2.20,0.19,-0.19,-0.04,0.06,-0.65,0.05,-0.01,-0.03,10.73,10.68,1.91,2.12,1
2.21,-0.11,-0.27,-0.04,0.06,0.59,0.10,-0.01,-0.03,10.63,10.67,1.92,2.14,1
2.22,0.65,-0.17,-0.04,0.06,0.58,0.08,-0.01,-0.03,10.67,10.68,1.93,2.16,1
2.23,0.62,-0.06,-0.04,0.06,0.83,0.09,-0.01,-0.03,10.63,10.67,1.94,2.18,1
2.24,-0.57,-0.19,-0.04,0.06,-0.72,0.04,-0.01,-0.03,10.67,10.67,1.95,2.20,1
2.25,0.97,-0.01,-0.04,0.06,0.82,0.20,-0.01,-0.03,10.75,10.67,1.95,2.22,1
2.26,-0.68,-0.01,-0.04,0.06,0.02,0.14,-0.01,-0.03,10.73,10.68,1.96,2.24,1
2.27,-0.45,-0.07,-0.05,0.06,-0.68,0.05,-0.01,-0.03,10.73,10.69,1.97,2.26,1
2.28,0.01,0.01,-0.05,0.06,0.52,0.05,-0.01,-0.03,10.74,10.70,1.98,2.28,1
2.29,-0.19,0.04,-0.05,0.06,-0.79,0.05,-0.01,-0.03,10.67,10.69,1.99,2.30,1
2.30,-0.11,0.01,-0.04,0.06,0.63,0.18,-0.00,-0.03,10.73,10.69,2.00,2.32,1
2.31,-0.72,-0.05,-0.05,0.06,0.77,0.20,-0.00,-0.03,10.64,10.69,2.01,2.34,1
2.32,-0.23,-0.14,-0.05,0.05,-0.38,0.10,-0.00,-0.03,10.67,10.69,2.02,2.36,1
2.33,-0.63,-0.26,-0.05,0.05,0.17,0.04,-0.00,-0.03,10.64,10.69,2.02,2.38,1
2.34,-0.91,-0.29,-0.05,0.05,0.65,0.17,0.00,-0.03,10.74,10.70,2.03,2.40,1
2.35,-0.87,-0.48,-0.06,0.05,0.60,0.15,0.00,-0.03,10.63,10.69,2.04,2.42,1
2.36,0.72,-0.34,-0.06,0.05,0.10,0.16,0.00,-0.03,10.73,10.69,2.05,2.44,1
2.37,-0.14,-0.31,-0.06,0.05,0.57,0.28,0.01,-0.03,10.69,10.68,2.06,2.46,1
2.38,-0.82,-0.39,-0.07,0.05,0.36,0.27,0.01,-0.03,10.64,10.67,2.07,2.48,1
2.39,0.29,-0.34,-0.07,0.05,0.98,0.45,0.01,-0.03,10.67,10.67,2.08,2.50,1
2.40,0.35,-0.30,-0.07,0.05,-0.62,0.32,0.02,-0.03,10.72,10.67,2.09,2.52,1
2.41,-0.55,-0.28,-0.08,0.05,-0.79,0.16,0.02,-0.03,10.62,10.67,2.09,2.54,1
2.42,-0.33,-0.29,-0.08,0.05,0.32,0.23,0.02,-0.03,10.63,10.67,2.10,2.57,1
2.43,0.21,-0.20,-0.08,0.05,0.16,0.23,0.02,-0.03,10.62,10.67,2.11,2.59,1
2.44,0.81,-0.03,-0.08,0.05,-0.85,0.08,0.02,-0.03,10.67,10.66,2.12,2.61,1
2.45,-0.11,0.04,-0.08,0.05,-0.19,0.00,0.02,-0.03,10.72,10.67,2.13,2.63,1
2.46,0.02,-0.03,-0.08,0.04,-0.16,-0.02,0.02,-0.03,10.72,10.67,2.14,2.65,1
2.47,0.19,0.01,-0.08,0.04,0.90,0.01,0.02,-0.03,10.63,10.66,2.15,2.67,1
2.48,0.80,0.17,-0.08,0.04,-0.71,-0.10,0.02,-0.03,10.66,10.66,2.15,2.69,1
2.49,0.85,0.22,-0.08,0.04,-0.04,-0.20,0.02,-0.02,10.72,10.67,2.16,2.71,1
2.50,0.24,0.21,-0.08,0.04,-0.91,-0.23,0.02,-0.02,10.73,10.67,2.17,2.74,1
2.51,-0.20,0.25,-0.07,0.04,0.36,-0.11,0.02,-0.02,10.69,10.68,2.18,2.76,1
2.52,0.45,0.33,-0.07,0.04,-0.21,-0.17,0.02,-0.02,10.65,10.68,2.19,2.78,1
2.53,0.32,0.34,-0.07,0.04,-0.78,-0.26,0.01,-0.02,10.66,10.68,2.20,2.80,1
2.54,-0.32,0.22,-0.06,0.04,-0.68,-0.24,0.01,-0.02,10.72,10.69,2.21,2.82,1
2.55,0.57,0.29,-0.06,0.04,0.36,-0.19,0.01,-0.02,10.73,10.69,2.21,2.85,1
2.56,0.58,0.35,-0.06,0.04,0.64,-0.11,0.01,-0.02,10.69,10.68,2.22,2.87,1
2.57,-0.95,0.23,-0.06,0.04,0.98,-0.10,0.01,-0.02,10.67,10.69,2.23,2.89,1
2.58,-0.38,0.12,-0.05,0.04,-0.99,-0.13,0.01,-0.02,10.65,10.69,2.24,2.91,1
2.59,0.90,0.12,-0.05,0.04,-0.88,-0.21,0.00,-0.02,10.66,10.68,2.25,2.94,1
2.60,0.84,0.18,-0.05,0.04,0.51,-0.07,0.00,-0.02,10.65,10.67,2.26,2.96,1
2.61,-0.83,0.12,-0.05,0.04,-0.97,-0.20,0.00,-0.02,10.74,10.68,2.27,2.98,1
2.62,0.50,0.12,-0.05,0.03,-0.11,-0.19,-0.00,-0.02,10.62,10.68,2.28,3.00,1
2.63,0.45,0.14,-0.05,0.03,-0.71,-0.19,-0.00,-0.02,10.75,10.68,2.28,3.03,1
2.64,0.05,0.17,-0.05,0.03,-0.39,-0.16,-0.00,-0.02,10.61,10.67,2.29,3.05,1
2.65,-0.08,0.11,-0.04,0.03,0.43,-0.15,-0.01,-0.02,10.71,10.67,2.30,3.07,1
2.66,0.66,0.12,-0.04,0.03,0.39,-0.17,-0.01,-0.02,10.70,10.67,2.31,3.10,1
2.67,0.22,0.23,-0.04,0.03,-0.41,-0.31,-0.01,-0.02,10.64,10.67,2.32,3.12,1
2.68,0.94,0.37,-0.04,0.03,-0.31,-0.25,-0.01,-0.02,10.61,10.67,2.33,3.14,1
2.69,0.55,0.33,-0.03,0.03,-0.24,-0.18,-0.02,-0.02,10.68,10.67,2.34,3.17,1
2.70,-0.89,0.16,-0.03,0.03,0.63,-0.17,-0.02,-0.02,10.75,10.68,2.35,3.19,1
2.71,0.48,0.29,-0.03,0.03,0.94,0.02,-0.02,-0.02,10.68,10.67,2.35,3.21,1
2.72,0.16,0.25,-0.03,0.03,0.03,0.04,-0.02,-0.03,10.65,10.67,2.36,3.24,1
2.73,-0.65,0.14,-0.03,0.03,0.95,0.20,-0.01,-0.03,10.67,10.67,2.37,3.26,1
2.74,0.81,0.22,-0.02,0.03,-0.80,0.16,-0.01,-0.03,10.73,10.68,2.38,3.28,1
2.75,0.67,0.29,-0.02,0.03,0.56,0.17,-0.01,-0.03,10.75,10.68,2.39,3.31,1
2.76,-0.68,0.16,-0.02,0.03,0.20,0.16,-0.01,-0.03,10.68,10.68,2.40,3.33,1
2.77,-0.10,0.13,-0.02,0.03,0.63,0.26,-0.01,-0.03,10.75,10.69,2.41,3.36,1
2.78,-0.27,0.01,-0.02,0.03,-0.66,0.22,-0.00,-0.03,10.66,10.70,2.41,3.38,1
2.79,0.22,-0.03,-0.02,0.03,-0.52,0.20,-0.00,-0.03,10.66,10.69,2.42,3.40,1
2.80,0.65,0.13,-0.02,0.03,0.08,0.14,-0.00,-0.03,10.69,10.69,2.43,3.43,1
2.81,0.01,0.08,-0.02,0.03,0.24,0.07,-0.00,-0.03,10.73,10.69,2.44,3.45,1
2.82,0.85,0.15,-0.01,0.03,0.30,0.10,0.00,-0.03,10.68,10.70,2.45,3.48,1
2.83,0.31,0.25,-0.01,0.03,-0.97,-0.09,-0.00,-0.03,10.64,10.69,2.46,3.50,1
2.84,-0.74,0.09,-0.01,0.03,-0.54,-0.07,-0.00,-0.03,10.65,10.69,2.47,3.53,1
2.85,0.78,0.10,-0.01,0.03,0.00,-0.12,-0.00,-0.03,10.63,10.67,2.48,3.55,1
2.86,0.17,0.19,-0.01,0.03,-0.27,-0.17,-0.00,-0.03,10.72,10.68,2.48,3.58,1
2.87,0.65,0.26,-0.01,0.03,0.81,-0.15,-0.01,-0.03,10.72,10.67,2.49,3.60,1
2.88,0.80,0.37,-0.00,0.03,-0.15,-0.10,-0.01,-0.03,10.62,10.67,2.50,3.63,1
2.89,-0.46,0.30,0.00,0.03,-0.51,-0.10,-0.01,-0.03,10.70,10.67,2.51,3.65,1
2.90,0.94,0.33,0.00,0.03,0.07,-0.10,-0.01,-0.03,10.66,10.67,2.52,3.68,1
2.91,-0.19,0.31,0.01,0.03,-0.53,-0.18,-0.01,-0.03,10.63,10.66,2.53,3.70,1
2.92,-0.91,0.13,0.01,0.03,0.27,-0.18,-0.01,-0.03,10.70,10.66,2.54,3.73,1
2.93,0.39,0.14,0.01,0.03,0.11,-0.07,-0.01,-0.03,10.63,10.66,2.54,3.75,1
2.94,-0.89,0.13,0.01,0.03,0.09,-0.01,-0.01,-0.03,10.65,10.66,2.55,3.78,1
2.95,-0.36,0.01,0.01,0.03,-0.57,-0.07,-0.01,-0.03,10.68,10.67,2.56,3.80,1
2.96,0.57,0.05,0.01,0.03,0.95,0.05,-0.01,-0.03,10.63,10.66,2.57,3.83,1
2.97,-0.02,-0.01,0.01,0.03,0.63,0.04,-0.01,-0.03,10.61,10.65,2.58,3.86,1
2.98,0.67,-0.03,0.01,0.03,0.17,0.07,-0.01,-0.03,10.71,10.66,2.59,3.88,1
2.99,-0.75,-0.05,0.01,0.03,0.71,0.19,-0.01,-0.03,10.69,10.66,2.60,3.91,1
3.00,0.56,-0.09,0.01,0.03,0.85,0.27,-0.01,-0.03,10.68,10.66,2.60,3.93,1
3.01,0.19,-0.05,0.01,0.03,0.44,0.37,-0.00,-0.03,10.74,10.67,2.61,3.96,1
3.02,-0.25,0.01,0.01,0.03,-0.35,0.30,-0.00,-0.03,10.70,10.67,2.62,3.99,1
3.03,-0.94,-0.12,0.01,0.03,0.42,0.33,0.00,-0.03,10.70,10.68,2.63,4.01,1
3.04,0.04,-0.03,0.01,0.03,0.41,0.37,0.01,-0.03,10.64,10.67,2.64,4.04,1
3.05,0.50,0.06,0.01,0.03,0.29,0.45,0.01,-0.03,10.61,10.67,2.65,4.06,1
3.06,0.69,0.07,0.01,0.03,-0.46,0.31,0.01,-0.03,10.62,10.67,2.66,4.09,1
3.07,-0.48,0.02,0.01,0.03,-0.29,0.22,0.02,-0.03,10.73,10.68,2.66,4.12,1
3.08,0.81,0.04,0.01,0.03,0.25,0.23,0.02,-0.03,10.65,10.67,2.67,4.14,1
3.09,0.77,0.19,0.01,0.03,-0.60,0.10,0.02,-0.03,10.69,10.67,2.68,4.17,1
3.10,0.92,0.22,0.01,0.03,0.54,0.06,0.02,-0.03,10.70,10.67,2.69,4.20,1
3.11,-0.81,0.12,0.02,0.03,-0.36,-0.02,0.02,-0.03,10.66,10.67,2.70,4.23,1
3.12,0.38,0.19,0.02,0.03,-0.85,-0.07,0.02,-0.03,10.68,10.66,2.71,4.25,1
3.13,-0.72,0.21,0.02,0.03,-0.70,-0.18,0.02,-0.03,10.62,10.66,2.72,4.28,1
3.14,0.25,0.23,0.02,0.03,0.64,-0.15,0.02,-0.03,10.67,10.66,2.72,4.31,1
3.15,-0.89,0.09,0.02,0.03,-0.53,-0.24,0.01,-0.03,10.64,10.66,2.73,4.33,1
3.16,-0.42,-0.02,0.02,0.03,0.82,-0.11,0.01,-0.03,10.63,10.66,2.74,4.36,1
3.17,-0.66,-0.04,0.02,0.03,0.87,0.01,0.01,-0.03,10.72,10.66,2.75,4.39,1
3.18,0.61,-0.06,0.02,0.03,0.06,-0.01,0.01,-0.03,10.63,10.66,2.76,4.42,1
3.19,-0.60,-0.19,0.02,0.03,0.66,0.11,0.01,-0.02,10.61,10.65,2.77,4.44,1
3.20,0.24,-0.26,0.02,0.03,0.11,0.07,0.01,-0.02,10.75,10.66,2.78,4.47,1
3.21,-0.59,-0.24,0.02,0.03,-0.05,0.10,0.01,-0.02,10.63,10.65,2.78,4.50,1
3.22,0.56,-0.22,0.01,0.03,-0.65,0.12,0.02,-0.02,10.74,10.66,2.79,4.53,1
3.23,0.67,-0.08,0.01,0.03,0.93,0.29,0.02,-0.02,10.68,10.67,2.80,4.56,1
3.24,-0.45,-0.15,0.01,0.03,0.11,0.23,0.02,-0.02,10.61,10.66,2.81,4.58,1
3.25,-0.56,-0.12,0.01,0.03,-0.19,0.27,0.02,-0.02,10.65,10.66,2.82,4.61,1
3.26,0.78,-0.00,0.01,0.03,-0.45,0.14,0.03,-0.02,10.69,10.67,2.83,4.64,1
3.27,0.78,0.14,0.01,0.03,0.79,0.13,0.03,-0.02,10.70,10.67,2.84,4.67,1
3.28,-0.11,0.07,0.01,0.03,0.04,0.13,0.03,-0.02,10.67,10.67,2.84,4.70,1
3.29,0.84,0.22,0.01,0.03,-1.00,-0.04,0.03,-0.02,10.72,10.68,2.85,4.73,1
3.30,0.48,0.24,0.02,0.03,0.64,0.02,0.03,-0.02,10.72,10.68,2.86,4.75,1
3.31,0.36,0.33,0.02,0.03,0.84,0.11,0.03,-0.02,10.70,10.68,2.87,4.78,1
3.32,0.29,0.31,0.02,0.03,-0.88,0.08,0.03,-0.02,10.74,10.68,2.88,4.81,1
3.33,-0.50,0.19,0.02,0.03,0.20,0.01,0.03,-0.02,10.64,10.68,2.89,4.84,1
3.34,-0.90,0.15,0.03,0.03,-0.73,-0.07,0.03,-0.02,10.68,10.69,2.90,4.87,1
3.35,0.77,0.28,0.03,0.04,-0.42,-0.10,0.03,-0.02,10.61,10.68,2.90,4.90,1
3.36,-0.34,0.17,0.03,0.04,-0.52,-0.10,0.03,-0.02,10.69,10.68,2.91,4.93,1
3.37,0.91,0.18,0.03,0.04,-0.46,-0.23,0.02,-0.02,10.65,10.68,2.92,4.96,1
3.38,-0.86,0.10,0.03,0.04,0.14,-0.22,0.02,-0.02,10.61,10.67,2.93,4.99,1
3.39,0.45,0.07,0.03,0.04,0.34,-0.08,0.02,-0.02,10.72,10.67,2.94,5.02,1
3.40,-0.02,0.02,0.03,0.04,0.10,-0.14,0.02,-0.02,10.68,10.67,2.95,5.05,1
3.41,-0.32,-0.05,0.03,0.04,-0.69,-0.29,0.02,-0.02,10.67,10.67,2.96,5.07,1
3.42,-0.72,-0.15,0.03,0.04,-0.17,-0.22,0.02,-0.02,10.69,10.66,2.97,5.10,1
3.43,0.07,-0.10,0.03,0.04,-0.14,-0.25,0.01,-0.02,10.74,10.67,2.97,5.13,1
3.44,-0.72,-0.08,0.03,0.04,0.48,-0.13,0.01,-0.02,10.74,10.68,2.98,5.16,1
3.45,-0.77,-0.23,0.03,0.04,0.65,-0.03,0.01,-0.02,10.62,10.68,2.99,5.19,1
3.46,-0.76,-0.27,0.03,0.04,-0.46,-0.02,0.01,-0.02,10.62,10.67,3.00,5.22,1
3.47,-0.52,-0.42,0.02,0.04,-0.41,-0.02,0.01,-0.02,10.73,10.68,3.01,5.25,1
3.48,0.62,-0.27,0.02,0.04,0.77,0.05,0.01,-0.02,10.63,10.68,3.02,5.28,1
3.49,-0.95,-0.41,0.01,0.04,0.38,0.05,0.01,-0.02,10.63,10.67,3.03,5.31,1
3.50,-0.20,-0.43,0.01,0.04,-0.34,0.01,0.01,-0.02,10.74,10.68,3.03,5.34,1
3.51,0.76,-0.32,0.01,0.04,-0.89,-0.01,0.01,-0.02,10.73,10.68,3.04,5.38,1
3.52,-0.54,-0.30,0.00,0.04,0.53,0.06,0.01,-0.02,10.64,10.68,3.05,5.41,1
3.53,0.74,-0.23,0.00,0.04,0.45,0.12,0.01,-0.02,10.70,10.67,3.06,5.44,1
3.54,-0.09,-0.17,-0.00,0.04,0.06,0.07,0.01,-0.02,10.71,10.67,3.07,5.47,1
3.55,0.12,-0.08,-0.00,0.04,-0.99,-0.09,0.01,-0.02,10.66,10.68,3.08,5.50,1
3.56,-0.42,-0.05,-0.00,0.04,0.35,-0.01,0.01,-0.02,10.64,10.68,3.09,5.53,1
3.57,-0.62,-0.06,-0.00,0.04,0.54,0.09,0.01,-0.02,10.67,10.67,3.10,5.56,1
3.58,-0.19,-0.14,-0.00,0.04,-0.30,-0.02,0.01,-0.02,10.71,10.68,3.10,5.59,1
3.59,-0.79,-0.12,-0.00,0.04,0.40,-0.02,0.01,-0.02,10.68,10.68,3.11,5.62,1
3.60,0.97,-0.01,-0.00,0.04,-0.17,-0.00,0.01,-0.02,10.68,10.68,3.12,5.65,1
3.61,-0.06,-0.09,-0.01,0.04,0.99,0.19,0.02,-0.02,10.75,10.68,3.13,5.68,1
3.62,-0.39,-0.07,-0.01,0.04,-0.61,0.07,0.02,-0.02,10.70,10.69,3.14,5.72,1
3.63,-0.67,-0.21,-0.01,0.04,0.54,0.08,0.02,-0.02,10.73,10.69,3.15,5.75,1
3.64,0.45,-0.16,-0.01,0.04,0.73,0.15,0.02,-0.02,10.64,10.68,3.16,5.78,1
3.65,-0.81,-0.25,-0.01,0.04,-0.72,0.17,0.02,-0.02,10.68,10.68,3.17,5.81,1
3.66,-0.93,-0.30,-0.02,0.04,-0.92,0.05,0.02,-0.02,10.73,10.69,3.17,5.84,1
3.67,-0.57,-0.30,-0.02,0.04,-0.62,-0.07,0.02,-0.02,10.73,10.70,3.18,5.87,1
3.68,-0.90,-0.37,-0.02,0.04,-0.51,-0.09,0.02,-0.02,10.61,10.69,3.19,5.91,1
3.69,-0.55,-0.35,-0.03,0.04,-0.41,-0.17,0.02,-0.02,10.69,10.69,3.20,5.94,1
3.70,0.50,-0.39,-0.03,0.04,0.85,-0.07,0.02,-0.02,10.66,10.69,3.21,5.97,1
3.71,-0.96,-0.48,-0.03,0.04,-0.94,-0.26,0.01,-0.02,10.66,10.68,3.22,6.00,1
3.72,-0.19,-0.46,-0.04,0.04,-0.02,-0.20,0.01,-0.02,10.74,10.68,3.23,6.03,1
3.73,0.79,-0.32,-0.04,0.04,0.60,-0.20,0.01,-0.02,10.69,10.68,3.24,6.07,1
3.74,-0.55,-0.42,-0.05,0.04,0.74,-0.20,0.01,-0.02,10.68,10.68,3.24,6.10,1
3.75,-0.44,-0.38,-0.05,0.04,-0.27,-0.15,0.01,-0.01,10.64,10.68,3.25,6.13,1
3.76,0.93,-0.19,-0.05,0.03,0.00,-0.06,0.01,-0.01,10.61,10.67,3.26,6.16,1
3.77,0.17,-0.12,-0.05,0.03,-0.67,-0.06,0.01,-0.01,10.74,10.67,3.27,6.20,1
3.78,-0.64,-0.09,-0.05,0.03,0.12,0.00,0.01,-0.01,10.69,10.68,3.28,6.23,1
3.79,0.94,0.05,-0.05,0.03,-0.11,0.03,0.01,-0.01,10.69,10.68,3.29,6.26,1
3.80,-0.59,-0.05,-0.05,0.03,0.58,0.00,0.01,-0.01,10.61,10.67,3.30,6.30,1
3.81,0.95,0.14,-0.05,0.03,-0.83,0.01,0.01,-0.01,10.69,10.67,3.30,6.33,1
3.82,-0.18,0.14,-0.05,0.03,-0.89,-0.07,0.01,-0.01,10.65,10.67,3.31,6.36,1
3.83,-0.57,0.00,-0.05,0.03,-0.16,-0.15,0.00,-0.01,10.75,10.67,3.32,6.39,1
3.84,0.70,0.13,-0.05,0.03,-0.87,-0.31,0.00,-0.01,10.71,10.67,3.33,6.43,1
3.85,0.80,0.25,-0.05,0.03,-0.06,-0.29,-0.00,-0.01,10.71,10.68,3.34,6.46,1
3.86,0.53,0.21,-0.05,0.03,-0.37,-0.33,-0.01,-0.01,10.67,10.69,3.35,6.50,1
3.87,-0.96,0.10,-0.04,0.03,-0.84,-0.34,-0.01,-0.01,10.74,10.69,3.36,6.53,1
3.88,0.06,0.17,-0.04,0.03,0.43,-0.31,-0.01,-0.01,10.61,10.68,3.37,6.56,1
3.89,0.85,0.16,-0.04,0.03,0.38,-0.26,-0.01,-0.01,10.64,10.67,3.37,6.60,1
3.90,0.14,0.23,-0.04,0.03,-0.81,-0.40,-0.02,-0.02,10.67,10.68,3.38,6.63,1
3.91,-0.98,0.04,-0.04,0.03,0.43,-0.28,-0.02,-0.02,10.71,10.68,3.39,6.66,1
3.92,-0.58,-0.00,-0.04,0.03,-0.14,-0.20,-0.02,-0.02,10.65,10.68,3.40,6.70,1
3.93,-0.49,0.01,-0.04,0.03,-0.78,-0.26,-0.03,-0.02,10.64,10.67,3.41,6.73,1
3.94,0.29,-0.03,-0.04,0.03,-0.61,-0.24,-0.03,-0.02,10.61,10.66,3.42,6.77,1
3.95,0.78,-0.04,-0.04,0.03,0.61,-0.17,-0.03,-0.02,10.67,10.66,3.43,6.80,1
3.96,0.48,-0.04,-0.04,0.03,0.31,-0.10,-0.03,-0.02,10.66,10.66,3.43,6.83,1
3.97,0.63,0.12,-0.04,0.03,0.33,0.01,-0.03,-0.02,10.64,10.65,3.44,6.87,1
3.98,0.87,0.20,-0.04,0.02,0.21,-0.01,-0.03,-0.02,10.69,10.65,3.45,6.90,1
3.99,-0.38,0.08,-0.04,0.02,0.53,0.01,-0.03,-0.02,10.68,10.66,3.46,6.94,1
4.00,0.13,0.07,-0.04,0.02,-0.46,0.04,-0.03,-0.02,10.67,10.66,3.47,6.97,1
4.01,0.45,0.22,-0.03,0.02,-0.85,-0.08,-0.03,-0.02,10.71,10.66,3.48,7.01,1
4.02,0.51,0.33,-0.03,0.02,-0.17,-0.09,-0.03,-0.02,10.74,10.67,3.49,7.04,1
4.03,-0.53,0.32,-0.03,0.02,0.46,0.04,-0.03,-0.02,10.69,10.67,3.49,7.08,1
4.04,0.13,0.31,-0.02,0.02,-0.81,0.02,-0.03,-0.02,10.68,10.68,3.50,7.11,1
4.05,0.59,0.29,-0.02,0.02,0.55,0.01,-0.03,-0.02,10.66,10.68,3.51,7.15,1
4.06,0.31,0.27,-0.02,0.02,-0.01,-0.02,-0.03,-0.02,10.61,10.67,3.52,7.18,1
4.07,0.79,0.29,-0.02,0.02,-0.02,-0.06,-0.03,-0.02,10.75,10.68,3.53,7.22,1
4.08,-0.01,0.20,-0.01,0.02,0.20,-0.06,-0.03,-0.02,10.67,10.68,3.54,7.25,1
4.09,-0.37,0.20,-0.01,0.02,-0.10,-0.12,-0.03,-0.02,10.70,10.68,3.55,7.29,1
4.10,0.28,0.22,-0.01,0.02,0.15,-0.06,-0.03,-0.02,10.74,10.69,3.55,7.32,1
4.11,-0.75,0.09,-0.01,0.02,-0.85,-0.06,-0.04,-0.02,10.61,10.68,3.56,7.36,1
4.12,0.19,0.06,-0.01,0.02,-0.40,-0.08,-0.04,-0.02,10.68,10.68,3.57,7.40,1
4.13,-0.26,0.09,-0.01,0.02,0.21,-0.11,-0.04,-0.02,10.75,10.68,3.58,7.43,1
4.14,0.35,0.11,-0.01,0.02,0.06,-0.02,-0.04,-0.02,10.62,10.68,3.59,7.47,1
4.15,-0.49,0.00,-0.01,0.02,-0.04,-0.08,-0.04,-0.02,10.66,10.68,3.60,7.50,1
4.16,-0.75,-0.10,-0.01,0.02,0.14,-0.07,-0.04,-0.02,10.66,10.68,3.61,7.54,1
4.17,-0.32,-0.21,-0.01,0.02,-0.05,-0.07,-0.04,-0.02,10.67,10.67,3.62,7.58,1
4.18,0.72,-0.14,-0.01,0.02,-0.41,-0.13,-0.04,-0.02,10.75,10.68,3.62,7.61,1
4.19,0.56,-0.05,-0.01,0.02,0.10,-0.11,-0.04,-0.02,10.73,10.68,3.63,7.65,1
4.20,0.76,0.00,-0.01,0.02,0.19,-0.10,-0.04,-0.03,10.67,10.68,3.64,7.68,1
4.21,-0.16,0.06,-0.01,0.02,0.75,0.05,-0.04,-0.03,10.63,10.68,3.65,7.72,1
4.22,-0.01,0.04,-0.01,0.02,-0.87,0.01,-0.04,-0.03,10.74,10.68,3.66,7.76,1
4.23,0.70,0.14,-0.01,0.02,-0.47,-0.06,-0.04,-0.03,10.75,10.68,3.67,7.79,1
4.24,0.91,0.19,-0.01,0.02,-0.12,-0.08,-0.04,-0.03,10.66,10.69,3.68,7.83,1
4.25,-1.00,0.14,-0.00,0.02,-0.45,-0.12,-0.05,-0.03,10.69,10.69,3.69,7.87,1
4.26,-0.74,0.14,-0.00,0.02,0.23,-0.11,-0.05,-0.03,10.73,10.70,3.69,7.90,1
4.27,-0.39,0.13,-0.00,0.02,0.49,-0.06,-0.05,-0.03,10.70,10.70,3.70,7.94,1
4.28,-0.57,0.01,-0.00,0.02,0.28,0.01,-0.05,-0.03,10.66,10.69,3.71,7.98,1
4.29,0.85,0.04,-0.00,0.02,-0.98,-0.09,-0.05,-0.03,10.73,10.69,3.72,8.02,1
4.30,0.66,0.02,-0.00,0.02,-0.39,-0.15,-0.05,-0.03,10.75,10.70,3.73,8.05,1
4.31,0.29,0.07,-0.00,0.02,-0.08,-0.24,-0.05,-0.03,10.69,10.71,3.74,8.09,1
4.32,-0.14,0.06,-0.00,0.02,0.37,-0.11,-0.05,-0.03,10.67,10.70,3.75,8.13,1
4.33,-0.25,-0.04,-0.00,0.02,-0.50,-0.11,-0.05,-0.03,10.70,10.69,3.76,8.17,1
4.34,0.38,-0.09,-0.00,0.02,0.19,-0.08,-0.05,-0.03,10.66,10.69,3.77,8.20,1
4.35,0.13,0.02,-0.00,0.02,0.77,0.04,-0.05,-0.03,10.72,10.70,3.77,8.24,1
4.36,-0.73,0.02,-0.00,0.02,0.45,0.06,-0.05,-0.03,10.61,10.69,3.78,8.28,1
4.37,0.92,0.15,0.00,0.02,0.45,0.06,-0.05,-0.03,10.75,10.69,3.79,8.32,1
4.38,0.73,0.28,0.00,0.02,-0.59,-0.03,-0.05,-0.03,10.71,10.70,3.80,8.36,1
4.39,-0.71,0.13,0.00,0.02,0.13,0.08,-0.05,-0.03,10.69,10.69,3.81,8.39,1
4.40,0.14,0.08,0.01,0.02,-0.22,0.10,-0.05,-0.04,10.71,10.69,3.82,8.43,1
4.41,-0.07,0.04,0.01,0.02,-0.51,0.05,-0.05,-0.04,10.65,10.68,3.83,8.47,1
4.42,-0.25,0.03,0.01,0.02,0.75,0.09,-0.05,-0.04,10.65,10.68,3.84,8.51,1
4.43,0.09,0.06,0.01,0.02,-0.22,0.12,-0.05,-0.04,10.67,10.68,3.84,8.55,1
4.44,0.41,0.07,0.01,0.02,-0.39,0.06,-0.05,-0.04,10.64,10.68,3.85,8.59,1
4.45,-0.87,-0.03,0.01,0.02,0.53,0.04,-0.05,-0.04,10.71,10.68,3.86,8.62,1
4.46,0.34,0.07,0.01,0.02,-0.59,-0.07,-0.05,-0.04,10.63,10.68,3.87,8.66,1
4.47,0.51,0.03,0.01,0.02,-0.60,-0.17,-0.05,-0.04,10.62,10.66,3.88,8.70,1
4.48,-0.58,-0.10,0.01,0.02,-0.28,-0.14,-0.05,-0.04,10.75,10.67,3.89,8.74,1
4.49,-0.39,-0.07,0.01,0.02,0.15,-0.14,-0.05,-0.04,10.61,10.66,3.90,8.78,1
4.50,0.57,-0.02,0.01,0.02,-0.62,-0.18,-0.05,-0.04,10.69,10.66,3.90,8.82,1
4.51,0.34,0.02,0.01,0.02,0.87,-0.04,-0.06,-0.04,10.62,10.66,3.91,8.86,1
4.52,0.95,0.14,0.01,0.02,0.19,-0.10,-0.06,-0.04,10.71,10.66,3.92,8.90,1
4.53,0.68,0.20,0.01,0.02,-0.17,-0.09,-0.06,-0.04,10.75,10.67,3.93,8.94,1
4.54,0.17,0.17,0.01,0.02,-0.23,-0.08,-0.06,-0.04,10.74,10.68,3.94,8.98,1
4.55,0.15,0.27,0.01,0.02,-0.65,-0.19,-0.06,-0.04,10.73,10.68,3.95,9.01,1
4.56,-0.87,0.15,0.02,0.02,-0.43,-0.18,-0.06,-0.04,10.63,10.68,3.96,9.05,1
4.57,-0.71,0.03,0.02,0.02,0.70,-0.05,-0.06,-0.04,10.69,10.69,3.96,9.09,1
4.58,0.02,0.09,0.02,0.02,0.16,-0.00,-0.06,-0.04,10.70,10.68,3.97,9.13,1
4.59,0.93,0.22,0.02,0.02,-0.15,-0.03,-0.06,-0.05,10.75,10.70,3.98,9.17,1
4.60,-0.86,0.08,0.02,0.02,-0.57,-0.03,-0.06,-0.05,10.69,10.70,3.99,9.21,1
4.61,-0.14,0.03,0.02,0.02,-0.97,-0.21,-0.06,-0.05,10.67,10.70,4.00,9.25,1
4.62,-0.44,-0.11,0.02,0.02,-0.63,-0.29,-0.07,-0.05,10.73,10.70,4.01,9.29,1
4.63,0.48,-0.13,0.02,0.02,-0.84,-0.36,-0.07,-0.05,10.70,10.70,4.02,9.33,1
4.64,0.77,-0.07,0.02,0.02,-0.12,-0.35,-0.07,-0.05,10.66,10.69,4.03,9.37,1
4.65,-0.02,-0.08,0.02,0.02,0.08,-0.28,-0.08,-0.05,10.64,10.68,4.04,9.41,1
4.66,0.75,0.08,0.02,0.02,0.74,-0.16,-0.08,-0.05,10.73,10.69,4.04,9.45,1
4.67,-0.67,0.08,0.02,0.02,0.46,-0.18,-0.08,-0.05,10.70,10.69,4.05,9.50,1
4.68,-0.23,0.06,0.02,0.02,-0.82,-0.28,-0.08,-0.05,10.62,10.69,4.06,9.54,1
4.69,0.57,0.02,0.02,0.02,-0.03,-0.27,-0.09,-0.05,10.74,10.68,4.07,9.58,1
4.70,-0.16,0.09,0.02,0.02,0.68,-0.15,-0.09,-0.05,10.70,10.69,4.08,9.62,1
4.71,0.32,0.14,0.02,0.03,0.10,-0.04,-0.09,-0.05,10.67,10.69,4.09,9.66,1
4.72,0.08,0.19,0.02,0.03,-0.28,-0.00,-0.09,-0.06,10.68,10.68,4.10,9.70,1
4.73,-0.14,0.13,0.02,0.03,-0.95,-0.01,-0.09,-0.06,10.69,10.68,4.11,9.74,1
4.74,0.34,0.08,0.03,0.03,0.63,0.06,-0.09,-0.06,10.74,10.69,4.11,9.78,1
4.75,-0.29,0.06,0.03,0.03,-0.23,0.03,-0.09,-0.06,10.62,10.69,4.12,9.82,1
4.76,0.69,0.05,0.03,0.03,0.44,0.00,-0.09,-0.06,10.74,10.69,4.13,9.86,1
4.77,-0.90,0.03,0.03,0.03,-0.50,-0.10,-0.09,-0.06,10.63,10.68,4.14,9.91,1
4.78,-0.28,0.02,0.03,0.03,-0.20,-0.03,-0.09,-0.06,10.73,10.69,4.15,9.95,1
4.79,0.99,0.07,0.03,0.03,-0.15,-0.05,-0.09,-0.06,10.67,10.68,4.16,9.99,1
4.80,-0.78,0.00,0.03,0.03,-0.05,-0.12,-0.09,-0.06,10.73,10.69,4.17,10.03,1
4.81,-0.68,-0.10,0.03,0.03,0.78,-0.05,-0.09,-0.06,10.71,10.69,4.18,10.07,1
4.82,0.64,-0.04,0.03,0.03,0.11,-0.01,-0.09,-0.06,10.65,10.69,4.18,10.11,1
4.83,-0.01,-0.03,0.03,0.03,-0.93,-0.01,-0.09,-0.07,10.64,10.68,4.19,10.16,1
4.84,0.80,0.02,0.03,0.03,0.75,0.00,-0.09,-0.07,10.71,10.68,4.20,10.20,1
4.85,0.65,0.11,0.03,0.03,-0.23,0.00,-0.09,-0.07,10.65,10.68,4.21,10.24,1
4.86,-0.21,0.02,0.03,0.03,0.86,0.04,-0.09,-0.07,10.70,10.68,4.22,10.28,1
4.87,0.35,0.15,0.03,0.03,0.80,0.17,-0.09,-0.07,10.65,10.68,4.23,10.32,1
4.88,0.47,0.22,0.03,0.03,0.53,0.25,-0.09,-0.07,10.69,10.68,4.24,10.37,1
4.89,0.76,0.20,0.03,0.03,-0.47,0.21,-0.08,-0.07,10.75,10.68,4.25,10.41,1
4.90,0.50,0.33,0.04,0.03,-0.58,0.16,-0.08,-0.07,10.65,10.68,4.25,10.45,1
4.91,-0.22,0.37,0.04,0.03,0.38,0.12,-0.08,-0.07,10.75,10.68,4.26,10.49,1
4.92,-0.97,0.21,0.04,0.03,0.64,0.17,-0.08,-0.07,10.73,10.69,4.27,10.54,1
4.93,0.69,0.28,0.04,0.03,0.44,0.31,-0.08,-0.07,10.67,10.69,4.28,10.58,1
4.94,0.61,0.26,0.05,0.03,-0.59,0.18,-0.08,-0.07,10.68,10.69,4.29,10.62,1
4.95,0.98,0.30,0.05,0.03,0.31,0.23,-0.07,-0.08,10.75,10.70,4.30,10.67,1
4.96,-0.25,0.29,0.05,0.03,-0.71,0.07,-0.07,-0.08,10.71,10.70,4.31,10.71,1
4.97,-0.38,0.22,0.06,0.03,0.58,0.05,-0.07,-0.08,10.68,10.70,4.32,10.75,1
4.98,0.42,0.21,0.06,0.03,0.60,0.06,-0.07,-0.08,10.64,10.70,4.33,10.80,1
4.99,0.29,0.17,0.06,0.03,-0.38,0.07,-0.07,-0.08,10.72,10.69,4.33,10.84,1
5.00,-0.58,0.06,0.06,0.04,-0.45,0.08,-0.07,-0.08,0.02,9.63,4.33,10.88,1
5.01,0.67,0.15,0.06,0.04,0.47,0.09,-0.07,-0.08,0.03,8.56,4.32,10.92,1
5.02,-0.59,0.19,0.06,0.04,-0.34,-0.01,-0.07,-0.08,0.02,7.49,4.30,10.97,1
5.03,-0.42,0.07,0.06,0.04,-0.35,-0.09,-0.07,-0.08,0.07,6.43,4.26,11.01,1
5.04,0.23,0.04,0.06,0.04,-0.79,-0.11,-0.07,-0.08,-0.05,5.36,4.22,11.05,1
5.05,-0.57,-0.12,0.06,0.04,0.74,-0.06,-0.07,-0.08,0.08,4.29,4.16,11.09,1
5.06,0.05,-0.09,0.06,0.04,-0.44,-0.04,-0.07,-0.08,0.04,3.22,4.10,11.14,1
5.07,0.25,-0.03,0.06,0.04,-0.54,-0.15,-0.07,-0.08,-0.03,2.15,4.02,11.18,1
5.08,-0.78,-0.15,0.06,0.04,0.65,-0.14,-0.07,-0.08,0.01,1.09,3.93,11.21,1
5.09,-0.66,-0.24,0.06,0.04,-0.82,-0.19,-0.08,-0.09,-0.02,0.02,3.84,11.25,1
5.10,0.01,-0.18,0.06,0.04,0.74,-0.07,-0.08,-0.09,0.06,0.02,3.74,11.29,1
5.11,0.94,-0.15,0.06,0.04,0.40,-0.08,-0.08,-0.09,-0.03,0.01,3.64,11.33,1
5.12,0.00,-0.09,0.05,0.04,-0.20,-0.06,-0.08,-0.09,-0.04,0.01,3.54,11.36,1
5.13,-0.96,-0.15,0.05,0.04,-0.08,-0.03,-0.08,-0.09,0.03,0.00,3.44,11.40,1
5.14,-0.76,-0.25,0.05,0.04,0.91,0.14,-0.08,-0.09,-0.03,0.01,3.35,11.43,1
5.15,-0.65,-0.26,0.05,0.04,0.62,0.12,-0.08,-0.09,-0.01,-0.00,3.25,11.46,1
5.16,0.94,-0.17,0.05,0.04,0.91,0.26,-0.07,-0.09,-0.00,-0.01,3.15,11.49,1
5.17,0.38,-0.15,0.04,0.05,-0.86,0.23,-0.07,-0.09,0.07,0.00,3.05,11.52,1
5.18,-0.73,-0.15,0.04,0.05,0.01,0.16,-0.07,-0.09,0.04,0.01,2.95,11.55,1
5.19,0.65,-0.02,0.04,0.05,-0.53,0.19,-0.07,-0.09,-0.04,0.00,2.85,11.58,1
5.20,-0.99,-0.12,0.04,0.05,-0.11,0.11,-0.07,-0.09,-0.01,-0.00,2.76,11.61,1
5.21,-0.32,-0.24,0.04,0.05,-0.18,0.05,-0.07,-0.09,0.05,0.01,2.66,11.64,1
5.22,0.78,-0.17,0.04,0.05,-0.08,0.06,-0.07,-0.09,0.02,0.01,2.56,11.66,1
5.23,-0.25,-0.09,0.04,0.05,-0.32,0.04,-0.07,-0.10,0.07,0.02,2.46,11.69,1
5.24,-0.64,-0.08,0.04,0.05,-0.17,-0.07,-0.07,-0.10,0.07,0.03,2.37,11.71,1
5.25,0.31,0.01,0.04,0.05,-0.66,-0.20,-0.07,-0.10,0.02,0.03,2.27,11.73,1
5.26,-0.52,-0.13,0.03,0.05,-0.52,-0.34,-0.07,-0.10,0.05,0.03,2.17,11.76,1
5.27,-0.03,-0.17,0.03,0.05,0.57,-0.20,-0.07,-0.10,0.02,0.03,2.07,11.78,1
5.28,-0.33,-0.13,0.03,0.05,0.67,-0.13,-0.07,-0.10,-0.05,0.02,1.97,11.80,1
5.29,-0.68,-0.27,0.03,0.05,0.51,-0.03,-0.07,-0.10,-0.01,0.02,1.88,11.81,1
5.30,-0.78,-0.25,0.03,0.05,-0.48,-0.07,-0.08,-0.10,0.02,0.03,1.78,11.83,1
5.31,-0.52,-0.27,0.02,0.05,0.33,-0.01,-0.08,-0.10,0.04,0.02,1.68,11.85,1
5.32,0.11,-0.33,0.02,0.05,0.84,0.08,-0.07,-0.10,-0.06,0.02,1.58,11.86,1
5.33,0.33,-0.28,0.02,0.05,-1.00,0.01,-0.07,-0.10,-0.03,0.01,1.48,11.88,1
5.34,-0.91,-0.30,0.01,0.05,0.96,0.12,-0.07,-0.10,-0.00,-0.00,1.39,11.89,1
5.35,-0.22,-0.35,0.01,0.05,0.93,0.28,-0.07,-0.10,0.01,-0.00,1.29,11.91,1
5.36,0.34,-0.27,0.01,0.05,-0.32,0.30,-0.07,-0.11,-0.03,-0.01,1.19,11.92,1
5.37,-0.25,-0.29,0.01,0.05,-0.71,0.17,-0.07,-0.11,0.05,-0.01,1.09,11.93,1
5.38,-0.01,-0.26,0.00,0.05,0.25,0.13,-0.06,-0.11,0.02,0.00,0.99,11.94,1
5.39,0.76,-0.11,0.00,0.05,-0.93,-0.01,-0.06,-0.11,-0.01,0.00,0.90,11.95,1
5.40,0.69,0.03,0.00,0.05,0.24,0.06,-0.06,-0.11,-0.06,-0.01,0.80,11.96,1
5.41,0.16,0.10,0.00,0.05,0.71,0.10,-0.06,-0.11,-0.06,-0.02,0.70,11.96,1
5.42,-0.31,0.06,0.00,0.05,0.88,0.10,-0.06,-0.11,0.01,-0.01,0.60,11.97,1
5.43,-0.58,-0.03,0.00,0.05,0.68,0.27,-0.06,-0.11,-0.06,-0.01,0.50,11.97,1
5.44,-0.16,0.04,0.00,0.05,0.45,0.22,-0.06,-0.11,0.04,-0.01,0.40,11.98,1
5.45,0.14,0.08,0.00,0.05,0.54,0.18,-0.06,-0.11,-0.00,-0.01,0.31,11.98,1
5.46,-0.17,0.03,0.00,0.05,-0.79,0.13,-0.05,-0.11,-0.01,-0.01,0.21,11.98,1
5.47,0.51,0.10,0.01,0.05,-0.97,0.11,-0.05,-0.11,-0.00,-0.01,0.11,11.98,1
5.48,-0.39,0.06,0.01,0.05,-0.20,0.06,-0.05,-0.11,0.08,-0.01,0.01,11.98,1
5.49,0.83,0.07,0.01,0.05,0.17,0.17,-0.05,-0.11,0.06,-0.00,-0.09,11.98,2
5.50,0.91,0.09,0.01,0.05,-0.06,0.14,-0.05,-0.11,0.07,0.01,-0.18,11.98,2
5.51,-0.48,0.03,0.01,0.05,-0.25,0.04,-0.05,-0.11,0.04,0.02,-0.28,11.98,2
5.52,-0.13,0.05,0.01,0.05,-0.29,-0.07,-0.05,-0.11,0.08,0.03,-0.38,11.98,2
5.53,0.03,0.11,0.01,0.05,-0.43,-0.18,-0.05,-0.11,0.04,0.04,-0.48,11.97,2
5.54,0.69,0.19,0.01,0.05,0.55,-0.17,-0.05,-0.12,0.02,0.04,-0.58,11.96,2
5.55,0.70,0.25,0.01,0.05,0.95,-0.13,-0.05,-0.12,-0.06,0.03,-0.67,11.96,2
5.56,0.60,0.33,0.02,0.05,0.04,-0.05,-0.06,-0.12,0.02,0.03,-0.77,11.95,2
5.57,0.39,0.31,0.02,0.05,0.52,0.10,-0.05,-0.12,0.04,0.04,-0.87,11.94,2
5.58,-0.53,0.30,0.02,0.05,0.47,0.17,-0.05,-0.12,0.06,0.04,-0.97,11.93,2
5.59,-0.96,0.12,0.02,0.05,0.92,0.24,-0.05,-0.12,0.02,0.03,-1.06,11.92,2
5.60,0.45,0.08,0.03,0.05,0.01,0.25,-0.05,-0.12,-0.06,0.02,-1.16,11.91,2
5.61,0.52,0.18,0.03,0.05,0.91,0.36,-0.04,-0.12,-0.03,0.01,-1.26,11.90,2
5.62,0.53,0.24,0.03,0.05,0.94,0.49,-0.04,-0.12,-0.05,-0.00,-1.36,11.88,2
5.63,0.90,0.33,0.03,0.05,-0.77,0.45,-0.03,-0.12,-0.02,-0.01,-1.46,11.87,2
5.64,0.34,0.29,0.04,0.05,-0.31,0.37,-0.03,-0.12,0.07,-0.00,-1.55,11.85,2
5.65,0.68,0.29,0.04,0.05,0.99,0.37,-0.03,-0.12,-0.02,0.00,-1.65,11.84,2
5.66,0.91,0.32,0.04,0.06,0.45,0.41,-0.02,-0.12,0.02,0.00,-1.75,11.82,2
5.67,0.75,0.36,0.05,0.06,0.92,0.45,-0.02,-0.12,-0.00,-0.00,-1.85,11.80,2
5.68,-0.78,0.33,0.05,0.06,0.83,0.49,-0.01,-0.12,-0.06,-0.01,-1.95,11.78,2
5.69,0.43,0.47,0.05,0.06,-0.43,0.35,-0.01,-0.12,0.08,-0.01,-2.05,11.76,2
5.70,0.42,0.47,0.06,0.06,-0.57,0.30,-0.01,-0.12,-0.00,-0.00,-2.14,11.74,2
5.71,-0.43,0.37,0.06,0.06,0.46,0.25,-0.00,-0.12,-0.02,-0.00,-2.24,11.72,2
5.72,-0.32,0.29,0.07,0.06,0.57,0.21,-0.00,-0.12,-0.06,-0.00,-2.34,11.69,2
5.73,-0.12,0.19,0.07,0.06,0.89,0.38,0.00,-0.12,-0.02,-0.00,-2.44,11.67,2
5.74,0.52,0.21,0.07,0.06,0.38,0.45,0.01,-0.12,-0.02,-0.01,-2.54,11.64,2
5.75,0.90,0.23,0.07,0.06,0.36,0.39,0.01,-0.12,-0.00,-0.01,-2.63,11.62,2
5.76,0.18,0.15,0.07,0.06,-0.97,0.24,0.01,-0.12,-0.06,-0.02,-2.73,11.59,2
5.77,-0.18,0.06,0.07,0.06,0.79,0.23,0.01,-0.12,-0.01,-0.02,-2.83,11.56,2
5.78,-0.73,0.07,0.07,0.06,-0.90,0.06,0.02,-0.12,0.08,-0.00,-2.93,11.53,2
5.79,0.09,0.03,0.07,0.06,0.79,0.18,0.02,-0.12,-0.02,-0.01,-3.03,11.50,2
5.80,0.89,0.08,0.08,0.06,0.28,0.27,0.02,-0.12,-0.05,-0.02,-3.13,11.47,2
5.81,0.25,0.15,0.08,0.06,0.46,0.27,0.02,-0.12,0.08,-0.01,-3.22,11.44,2
5.82,-0.32,0.15,0.08,0.07,-0.80,0.13,0.02,-0.12,-0.00,-0.00,-3.32,11.41,2
5.83,-0.86,0.07,0.08,0.07,0.85,0.12,0.02,-0.12,0.08,0.01,-3.42,11.37,2
5.84,-0.46,-0.02,0.08,0.07,0.64,0.15,0.03,-0.12,0.01,0.01,-3.52,11.34,2
5.85,0.38,-0.08,0.08,0.07,-0.12,0.10,0.03,-0.12,0.07,0.02,-3.62,11.30,2
5.86,-0.47,-0.14,0.08,0.07,0.18,0.22,0.03,-0.12,-0.04,0.02,-3.71,11.26,2
5.87,0.38,-0.08,0.08,0.07,-0.61,0.08,0.03,-0.12,-0.00,0.02,-3.81,11.22,2
5.88,-0.92,-0.10,0.07,0.07,-0.65,0.10,0.03,-0.12,-0.05,0.01,-3.91,11.19,2
5.89,-0.42,-0.15,0.07,0.07,0.79,0.10,0.03,-0.12,-0.05,0.00,-4.01,11.15,2
5.90,0.80,-0.16,0.07,0.07,0.77,0.15,0.03,-0.12,-0.04,0.01,-4.11,11.10,2
5.91,0.19,-0.17,0.07,0.07,0.78,0.18,0.04,-0.12,-0.04,-0.01,-4.20,11.06,2
5.92,-0.30,-0.17,0.07,0.07,-0.43,0.22,0.04,-0.12,-0.05,-0.01,-4.30,11.02,2
5.93,0.49,-0.03,0.07,0.07,-0.61,0.07,0.04,-0.12,0.03,-0.02,-4.40,10.98,2
5.94,0.09,0.02,0.07,0.07,0.95,0.10,0.04,-0.12,0.01,-0.02,-4.50,10.93,2
5.95,-0.49,-0.07,0.07,0.08,-0.41,0.08,0.04,-0.12,-0.00,-0.02,-4.60,10.88,2
5.96,-0.22,-0.04,0.07,0.08,0.19,0.08,0.04,-0.11,0.08,-0.01,-4.69,10.84,2
5.97,-0.53,-0.13,0.07,0.08,-0.12,0.13,0.04,-0.11,-0.00,-0.01,-4.79,10.79,2
5.98,0.78,0.04,0.07,0.08,-0.62,0.13,0.04,-0.11,0.01,-0.01,-4.89,10.74,2
5.99,-0.93,-0.01,0.07,0.08,-0.32,0.02,0.04,-0.11,0.01,0.00,-4.99,10.69,2
6.00,0.70,-0.02,0.07,0.08,0.57,-0.00,0.04,-0.11,0.02,0.01,-5.09,10.64,2
6.01,0.26,-0.01,0.07,0.08,-0.66,-0.15,0.04,-0.11,0.07,0.02,-5.19,10.59,2
6.02,-1.00,-0.09,0.06,0.08,0.46,-0.06,0.04,-0.11,-0.01,0.02,-5.28,10.54,2
6.03,0.18,-0.12,0.06,0.08,-0.23,-0.02,0.04,-0.11,-0.06,0.01,-5.38,10.48,2
6.04,-0.06,-0.13,0.06,0.08,0.12,-0.10,0.04,-0.11,-0.00,0.01,-5.48,10.43,2
6.05,-0.84,-0.17,0.06,0.08,-0.46,-0.11,0.04,-0.11,-0.05,0.01,-5.58,10.37,2
6.06,-0.15,-0.16,0.06,0.08,0.19,-0.11,0.04,-0.11,-0.04,-0.01,-5.68,10.31,2
6.07,0.90,-0.02,0.06,0.08,-0.41,-0.14,0.04,-0.11,0.04,-0.00,-5.77,10.26,2
6.08,0.15,-0.08,0.06,0.08,-0.78,-0.15,0.04,-0.11,-0.03,-0.01,-5.87,10.20,2
6.09,-0.89,-0.08,0.06,0.08,0.67,-0.05,0.04,-0.11,0.05,-0.00,-5.97,10.14,2
6.10,-0.75,-0.22,0.06,0.08,0.33,-0.08,0.03,-0.11,0.06,0.00,-6.07,10.08,2
6.11,0.99,-0.15,0.05,0.09,-0.02,-0.01,0.03,-0.11,0.04,-0.00,-6.17,10.02,2
6.12,-0.97,-0.14,0.05,0.09,-0.03,-0.06,0.03,-0.11,-0.02,-0.00,-6.26,9.95,2
6.13,-0.08,-0.17,0.05,0.09,0.33,-0.01,0.03,-0.11,0.05,0.01,-6.36,9.89,2
6.14,-0.18,-0.18,0.05,0.09,0.84,0.07,0.03,-0.11,-0.01,0.01,-6.46,9.83,2
6.15,0.78,-0.02,0.05,0.09,0.05,0.12,0.04,-0.11,0.02,0.02,-6.56,9.76,2
6.16,-0.47,-0.05,0.05,0.09,-0.12,0.09,0.04,-0.11,0.06,0.03,-6.66,9.69,2
6.17,0.40,-0.10,0.05,0.09,-0.51,0.08,0.04,-0.11,-0.06,0.02,-6.75,9.63,2
6.18,-0.64,-0.18,0.05,0.09,0.02,0.16,0.04,-0.11,0.03,0.02,-6.85,9.56,2
6.19,-0.89,-0.18,0.04,0.09,-0.93,-0.00,0.04,-0.11,0.05,0.02,-6.95,9.49,2
6.20,-0.34,-0.14,0.04,0.09,-0.08,-0.04,0.04,-0.11,0.01,0.02,-7.05,9.42,2
6.21,-0.84,-0.32,0.04,0.09,-0.98,-0.14,0.04,-0.11,-0.03,0.01,-7.15,9.35,2
6.22,-0.36,-0.26,0.04,0.09,-0.73,-0.21,0.03,-0.10,0.01,0.01,-7.24,9.27,2
6.23,-0.50,-0.30,0.03,0.09,-0.32,-0.28,0.03,-0.10,0.02,0.01,-7.34,9.20,2
6.24,-0.59,-0.34,0.03,0.09,0.46,-0.31,0.03,-0.10,-0.04,0.01,-7.44,9.13,2
6.25,0.68,-0.35,0.03,0.09,-0.94,-0.41,0.02,-0.10,0.02,0.01,-7.54,9.05,2
6.26,0.15,-0.29,0.02,0.09,-0.69,-0.47,0.02,-0.10,-0.04,-0.00,-7.64,8.97,2
6.27,-0.53,-0.39,0.02,0.09,-0.33,-0.45,0.02,-0.10,0.03,0.01,-7.73,8.90,2
6.28,-0.37,-0.36,0.02,0.09,0.80,-0.37,0.01,-0.10,-0.04,-0.00,-7.83,8.82,2
6.29,0.47,-0.22,0.01,0.09,-0.48,-0.33,0.01,-0.10,0.05,-0.00,-7.93,8.74,2
6.30,-0.11,-0.20,0.01,0.09,0.26,-0.30,0.01,-0.10,0.03,0.00,-8.03,8.66,2
6.31,0.01,-0.12,0.01,0.09,0.74,-0.12,0.00,-0.10,-0.04,-0.00,-8.13,8.58,2
6.32,-0.02,-0.08,0.01,0.09,-0.94,-0.14,0.00,-0.10,0.08,0.01,-8.22,8.49,2
6.33,-0.51,-0.08,0.01,0.09,-0.43,-0.16,0.00,-0.10,-0.04,0.00,-8.32,8.41,2
6.34,0.86,0.06,0.01,0.09,0.05,-0.20,-0.00,-0.10,0.01,0.01,-8.42,8.33,2
6.35,-0.27,-0.03,0.01,0.09,-0.92,-0.19,-0.00,-0.10,0.03,0.01,-8.52,8.24,2
6.36,0.75,0.03,0.01,0.09,0.10,-0.12,-0.00,-0.10,0.02,0.01,-8.62,8.16,2
6.37,0.94,0.18,0.01,0.09,-0.12,-0.09,-0.01,-0.10,0.07,0.02,-8.71,8.07,2
6.38,-0.62,0.15,0.01,0.09,-0.57,-0.23,-0.01,-0.10,-0.04,0.02,-8.81,7.98,2
6.39,0.71,0.17,0.01,0.09,0.30,-0.15,-0.01,-0.10,0.07,0.02,-8.91,7.89,2
6.40,-0.42,0.14,0.02,0.09,0.31,-0.15,-0.01,-0.10,-0.01,0.01,-9.01,7.80,2
6.41,0.49,0.19,0.02,0.09,0.43,-0.18,-0.01,-0.10,-0.03,0.02,-9.11,7.71,2
6.42,-0.47,0.15,0.02,0.09,-0.37,-0.12,-0.01,-0.10,-0.03,0.00,-9.20,7.62,2
6.43,-0.33,0.16,0.02,0.09,-0.04,-0.08,-0.01,-0.10,-0.03,0.01,-9.30,7.53,2
6.44,0.50,0.13,0.02,0.09,0.53,-0.04,-0.01,-0.10,-0.03,0.00,-9.40,7.43,2
6.45,0.07,0.16,0.02,0.09,0.43,0.10,-0.01,-0.10,-0.03,-0.00,-9.50,7.34,2
6.46,0.85,0.17,0.03,0.09,-0.27,0.06,-0.01,-0.10,0.01,-0.01,-9.60,7.24,2
6.47,0.44,0.12,0.03,0.09,-0.57,0.02,-0.01,-0.10,-0.02,-0.01,-9.69,7.14,2
6.48,0.72,0.26,0.03,0.09,-0.80,-0.01,-0.01,-0.10,-0.00,-0.01,-9.79,7.05,2
6.49,-0.06,0.18,0.03,0.10,0.95,0.06,-0.01,-0.10,0.04,-0.01,-9.89,6.95,2
6.50,-0.29,0.19,0.03,0.10,-0.74,-0.05,-0.01,-0.11,0.01,-0.01,-9.99,6.85,2
6.51,-0.55,0.09,0.03,0.10,-0.24,-0.11,-0.01,-0.11,-0.02,-0.01,-10.09,6.75,2
6.52,-0.60,0.08,0.03,0.10,-0.33,-0.11,-0.01,-0.11,-0.00,-0.01,-10.19,6.64,2
6.53,-0.24,0.08,0.04,0.10,0.09,-0.09,-0.02,-0.11,-0.02,-0.01,-10.28,6.54,2
6.54,0.46,0.08,0.04,0.10,-0.36,-0.18,-0.02,-0.11,-0.06,-0.01,-10.38,6.44,2
6.55,-0.22,0.05,0.04,0.10,-0.06,-0.23,-0.02,-0.11,0.01,-0.01,-10.48,6.33,2
6.56,-0.42,-0.08,0.04,0.10,-0.92,-0.30,-0.02,-0.11,-0.03,-0.01,-10.58,6.23,2
6.57,-0.99,-0.22,0.03,0.10,0.56,-0.18,-0.02,-0.11,-0.06,-0.01,-10.68,6.12,2
6.58,-0.98,-0.39,0.03,0.10,-0.95,-0.20,-0.03,-0.11,0.06,-0.01,-10.77,6.01,2
6.59,0.86,-0.30,0.03,0.10,-0.71,-0.37,-0.03,-0.11,-0.05,-0.02,-10.87,5.90,2
6.60,0.30,-0.24,0.02,0.10,-0.94,-0.39,-0.03,-0.11,0.04,-0.01,-10.97,5.79,2
6.61,0.08,-0.18,0.02,0.10,-0.26,-0.39,-0.04,-0.11,0.06,-0.01,-11.07,5.68,2
6.62,0.41,-0.07,0.02,0.10,0.67,-0.29,-0.04,-0.11,-0.02,-0.01,-11.17,5.57,2
6.63,0.29,-0.02,0.02,0.10,-0.95,-0.39,-0.04,-0.11,-0.06,-0.01,-11.27,5.46,2
6.64,-0.37,-0.10,0.02,0.10,0.70,-0.29,-0.05,-0.11,-0.05,-0.01,-11.36,5.35,2
6.65,-0.44,-0.13,0.02,0.10,0.08,-0.27,-0.05,-0.11,0.01,-0.01,-11.46,5.23,2
6.66,0.24,-0.06,0.02,0.10,-0.12,-0.19,-0.05,-0.11,-0.05,-0.01,-11.56,5.12,2
6.67,-0.12,0.03,0.02,0.10,-0.55,-0.30,-0.06,-0.11,0.06,-0.00,-11.66,5.00,2
6.68,-0.36,0.09,0.02,0.10,0.09,-0.20,-0.06,-0.11,-0.02,-0.01,-11.76,4.88,2
6.69,0.82,0.08,0.02,0.10,0.46,-0.08,-0.06,-0.11,-0.03,-0.01,-11.85,4.76,2
6.70,-0.67,-0.01,0.02,0.10,-0.61,-0.05,-0.06,-0.11,-0.06,-0.02,-11.95,4.64,2
6.71,-0.01,-0.02,0.02,0.10,-0.47,-0.07,-0.06,-0.11,-0.00,-0.02,-12.05,4.52,2
6.72,0.31,-0.03,0.02,0.10,0.76,-0.06,-0.06,-0.11,0.02,-0.02,-12.15,4.40,2
6.73,-0.67,-0.13,0.02,0.10,0.46,0.08,-0.06,-0.11,-0.04,-0.02,-12.25,4.28,2
6.74,0.02,-0.09,0.02,0.10,-0.28,-0.02,-0.06,-0.11,-0.04,-0.02,-12.35,4.15,2
6.75,-0.49,-0.09,0.02,0.10,0.72,0.05,-0.06,-0.12,-0.00,-0.02,-12.44,4.03,2
6.76,0.98,-0.02,0.02,0.10,0.70,0.13,-0.06,-0.12,0.05,-0.01,-12.54,3.91,2
6.77,0.95,0.09,0.02,0.10,-0.53,0.13,-0.06,-0.12,0.07,-0.01,-12.64,3.78,2
6.78,0.21,0.15,0.02,0.10,-0.77,0.04,-0.06,-0.12,0.01,-0.00,-12.74,3.65,2
6.79,0.52,0.12,0.02,0.10,-0.13,-0.01,-0.06,-0.12,-0.04,-0.00,-12.84,3.52,2
6.80,-0.64,0.12,0.02,0.10,-0.38,0.01,-0.06,-0.12,-0.05,-0.00,-12.93,3.39,2
6.81,-0.69,0.05,0.02,0.10,0.67,0.12,-0.05,-0.12,0.05,0.00,-13.03,3.26,2
6.82,-0.46,-0.03,0.02,0.10,-0.25,0.02,-0.05,-0.12,-0.04,-0.00,-13.13,3.13,2
6.83,0.21,0.06,0.02,0.10,-0.22,-0.05,-0.06,-0.12,-0.01,-0.00,-13.23,3.00,2
6.84,-0.42,0.02,0.02,0.10,-0.11,-0.03,-0.06,-0.12,-0.06,-0.00,-13.33,2.87,2
6.85,0.99,0.17,0.02,0.10,0.56,-0.05,-0.06,-0.12,-0.00,-0.00,-13.43,2.73,2
6.86,0.00,0.07,0.02,0.10,0.77,-0.04,-0.06,-0.12,0.02,-0.01,-13.52,2.60,2
6.87,-0.43,-0.07,0.02,0.10,-0.68,-0.05,-0.06,-0.12,0.08,-0.00,-13.62,2.46,2
6.88,-0.75,-0.17,0.02,0.10,0.71,0.09,-0.06,-0.12,0.08,0.00,-13.72,2.32,2
6.89,-0.45,-0.26,0.02,0.10,-0.58,0.05,-0.06,-0.12,0.08,0.01,-13.82,2.19,2
6.90,-0.80,-0.28,0.02,0.10,0.90,0.18,-0.05,-0.12,0.04,0.02,-13.92,2.05,2
6.91,-0.32,-0.24,0.01,0.11,-0.10,0.10,-0.05,-0.12,-0.02,0.02,-14.01,1.91,2
6.92,-0.62,-0.26,0.01,0.11,-0.09,0.12,-0.05,-0.12,-0.01,0.02,-14.11,1.76,2
6.93,0.69,-0.21,0.01,0.11,-0.90,0.05,-0.05,-0.13,0.05,0.03,-14.21,1.62,2
6.94,-0.22,-0.19,0.01,0.11,0.05,0.06,-0.05,-0.13,0.02,0.03,-14.31,1.48,2
6.95,-0.65,-0.35,0.00,0.11,0.07,0.01,-0.05,-0.13,0.06,0.04,-14.40,1.34,2
6.96,-0.45,-0.40,0.00,0.11,0.45,-0.02,-0.05,-0.13,-0.04,0.03,-14.50,1.19,2
6.97,-0.98,-0.46,-0.00,0.11,0.90,0.14,-0.05,-0.13,-0.06,0.02,-14.60,1.04,2
6.98,0.18,-0.36,-0.01,0.11,-0.03,0.07,-0.05,-0.13,0.01,0.01,-14.70,0.90,2
6.99,0.89,-0.23,-0.01,0.11,-0.49,0.08,-0.05,-0.13,-0.06,-0.00,-14.80,0.75,2
7.00,0.60,-0.09,-0.01,0.11,-0.22,-0.04,-0.05,-0.13,-0.01,-0.01,-14.89,0.60,2
7.01,-0.23,-0.08,-0.01,0.10,0.89,0.06,-0.05,-0.13,0.02,-0.00,-14.99,0.45,3
7.02,-0.05,-0.02,-0.01,0.10,-0.49,0.02,-0.05,-0.13,0.07,0.01,-15.09,0.30,3
7.03,0.51,-0.04,-0.01,0.10,-0.56,0.06,-0.05,-0.13,-0.03,-0.00,-15.19,0.15,3
7.04,0.27,0.01,-0.01,0.10,0.35,0.09,-0.05,-0.13,0.02,-0.00,-15.29,-0.00,3
7.05,0.11,0.08,0.00,0.00,0.04,0.08,0.00,0.00,9.79,0.97,-0.09,-0.00,3
7.06,0.74,0.20,0.00,0.00,0.67,0.11,0.00,0.00,9.77,1.95,-0.08,-0.00,3
7.07,0.10,0.31,0.00,0.00,0.52,0.07,0.00,0.00,9.84,2.94,-0.07,-0.00,3
7.08,-0.32,0.26,0.00,0.00,-0.02,0.07,0.00,0.00,9.89,3.93,-0.06,-0.00,3
7.09,0.80,0.25,0.00,0.00,0.17,0.13,0.00,0.00,9.79,4.91,-0.05,-0.00,3
7.10,-0.67,0.13,0.00,0.00,0.88,0.24,0.00,0.00,9.87,5.90,-0.04,-0.00,3
7.11,-0.50,0.10,0.00,0.00,0.32,0.19,0.00,0.00,9.76,6.88,-0.03,-0.00,3
7.12,0.72,0.18,0.00,0.00,-0.92,0.14,0.00,0.00,9.86,7.86,-0.02,-0.00,3
7.13,0.36,0.16,0.00,0.00,-0.72,0.13,0.00,0.00,9.88,8.85,-0.01,-0.00,3
7.14,0.93,0.23,0.00,0.00,-0.68,0.03,0.00,0.00,9.79,9.82,0.00,0.00,3
7.15,0.09,0.22,0.00,0.00,0.09,0.03,0.00,0.00,-0.04,8.84,-0.01,-0.00,3
7.16,-0.38,0.11,0.00,0.00,0.96,0.06,0.00,0.00,9.78,8.84,-0.01,-0.00,3
7.17,0.12,0.12,0.00,0.00,-0.92,-0.08,-0.00,-0.00,9.78,8.84,-0.01,-0.00,3
7.18,0.96,0.24,0.00,0.00,0.33,-0.05,-0.00,-0.00,9.83,8.83,-0.01,-0.00,3
7.19,-0.16,0.15,0.00,0.00,0.70,0.00,0.00,0.00,9.86,8.84,-0.01,-0.00,3
7.20,0.19,0.23,0.00,0.00,0.55,-0.03,-0.00,-0.00,9.88,8.84,-0.01,-0.00,3
7.21,0.86,0.37,0.00,0.00,0.67,0.01,0.00,0.00,9.83,8.84,-0.01,-0.00,3
7.22,-0.45,0.25,0.00,0.00,-0.75,0.02,0.00,0.00,9.76,8.84,-0.01,-0.00,3
7.23,0.82,0.30,0.00,0.00,-0.42,0.05,0.00,0.00,9.89,8.84,-0.01,-0.00,3
7.24,-0.33,0.17,0.00,0.00,0.41,0.16,0.00,0.00,9.87,8.84,-0.01,-0.00,3
7.25,0.38,0.20,0.00,0.00,0.48,0.20,0.00,0.00,9.86,9.83,0.00,0.00,3
7.26,-0.96,0.14,0.00,0.00,0.34,0.14,0.00,0.00,-0.02,8.85,-0.01,-0.00,3
7.27,0.71,0.20,0.00,0.00,-0.38,0.19,0.00,0.00,9.89,8.86,-0.01,-0.00,3
7.28,0.41,0.15,0.00,0.00,0.87,0.25,0.00,0.00,9.80,8.86,-0.01,-0.00,3
7.29,0.28,0.19,0.00,0.00,0.56,0.23,0.00,0.00,9.76,8.85,-0.01,-0.00,3
7.30,-0.52,0.12,0.00,0.00,-0.03,0.17,0.00,0.00,9.76,8.84,-0.01,-0.00,3
7.31,0.27,0.06,0.00,0.00,0.21,0.13,0.00,0.00,9.83,8.84,-0.01,-0.00,3
7.32,-0.12,0.09,0.00,0.00,-0.74,0.13,0.00,0.00,9.84,8.85,-0.01,-0.00,3
7.33,-0.29,-0.02,-0.00,-0.00,-0.20,0.15,0.00,0.00,9.89,8.85,-0.01,-0.00,3
7.34,-0.28,-0.01,-0.00,-0.00,-0.30,0.08,0.00,0.00,9.85,8.85,-0.01,-0.00,3
7.35,0.75,0.03,0.00,0.00,-0.06,0.03,0.00,0.00,9.80,8.84,-0.01,-0.00,3
7.36,-0.63,0.06,0.00,0.00,0.02,-0.00,-0.00,-0.00,9.88,9.83,0.00,0.00,3
7.37,-0.54,-0.07,-0.00,0.00,-0.34,-0.00,-0.00,-0.00,0.06,8.85,-0.01,-0.00,3
7.38,0.79,-0.03,-0.00,-0.00,0.16,-0.07,-0.00,-0.00,9.85,8.85,-0.01,-0.00,3
7.39,0.95,0.04,0.00,0.00,-0.10,-0.14,-0.00,-0.00,9.78,8.85,-0.01,-0.00,3
7.40,-0.37,0.05,0.00,0.00,0.95,-0.04,-0.00,-0.00,9.85,8.86,-0.01,-0.00,3
7.41,0.48,0.07,0.00,0.00,0.30,-0.03,-0.00,-0.00,9.88,8.87,-0.01,-0.00,3
7.42,0.22,0.11,0.00,0.00,0.66,0.11,0.00,0.00,9.81,8.86,-0.01,-0.00,3
7.43,-0.06,0.13,0.00,0.00,0.88,0.22,0.00,0.00,9.80,8.86,-0.01,-0.00,3
7.44,-0.56,0.10,0.00,0.00,-0.27,0.22,0.00,0.00,9.83,8.85,-0.01,-0.00,3
7.45,0.04,0.03,0.00,0.00,-0.42,0.18,0.00,0.00,9.87,8.86,-0.01,-0.00,3
7.46,-0.93,0.00,0.00,0.00,-0.18,0.16,0.00,0.00,9.82,8.85,-0.01,-0.00,3
7.47,0.70,0.13,0.00,0.00,0.61,0.26,0.00,0.00,9.86,9.83,0.00,0.00,3
7.48,-0.14,0.03,0.00,0.00,-0.30,0.21,0.00,0.00,0.02,8.85,-0.01,-0.00,3
7.49,-0.60,-0.12,-0.00,-0.00,0.28,0.25,0.00,0.00,9.87,8.86,-0.01,-0.00,3
7.50,0.63,-0.02,-0.00,-0.00,0.49,0.20,0.00,0.00,9.81,8.86,-0.01,-0.00,3
7.51,0.27,-0.04,-0.00,-0.00,0.07,0.18,0.00,0.00,9.89,8.86,-0.01,-0.00,3
7.52,0.15,-0.05,-0.00,-0.00,0.68,0.18,0.00,0.00,9.75,8.85,-0.01,-0.00,3
7.53,-0.65,-0.11,-0.00,-0.00,0.55,0.15,0.00,0.00,9.79,8.85,-0.01,-0.00,3
7.54,-0.23,-0.08,-0.00,-0.00,-0.53,0.12,0.00,0.00,9.86,8.85,-0.01,-0.00,3
7.55,-0.94,-0.17,-0.00,-0.00,-0.32,0.13,0.00,0.00,9.80,8.85,-0.01,-0.00,3
7.56,-0.50,-0.13,-0.00,-0.00,0.63,0.22,0.00,0.00,9.85,8.85,-0.01,-0.00,3
7.57,0.85,-0.12,-0.00,-0.00,0.21,0.18,0.00,0.00,9.83,8.85,-0.01,-0.00,3
7.58,-0.45,-0.15,-0.00,-0.00,0.95,0.30,0.00,0.00,9.86,9.83,0.00,0.00,3
7.59,0.29,-0.06,-0.00,-0.00,-0.29,0.24,0.01,0.00,0.08,8.85,-0.01,-0.00,3
7.60,-0.86,-0.21,-0.00,-0.00,-0.92,0.10,0.00,0.00,9.85,8.86,-0.01,-0.00,3
7.61,-0.43,-0.28,-0.00,-0.00,-0.84,0.01,0.00,0.00,9.80,8.85,-0.01,-0.00,3
7.62,0.37,-0.26,-0.00,-0.00,0.23,-0.03,-0.00,-0.00,9.85,8.86,-0.01,-0.00,3
7.63,0.74,-0.12,-0.00,-0.00,-0.60,-0.15,-0.00,-0.00,9.88,8.87,-0.01,-0.00,3
7.64,-0.46,-0.14,-0.00,-0.00,0.67,-0.03,-0.00,-0.00,9.84,8.86,-0.01,-0.00,3
7.65,0.55,0.01,0.00,0.00,-0.49,-0.04,-0.00,-0.00,9.88,8.87,-0.01,-0.00,3
7.66,-0.25,0.03,0.00,0.00,-0.27,-0.13,-0.00,-0.00,9.85,8.87,-0.01,-0.00,3
7.67,0.64,0.01,0.00,0.00,-0.23,-0.18,-0.00,-0.00,9.84,8.87,-0.01,-0.00,3
7.68,-0.79,-0.02,-0.00,-0.00,0.35,-0.24,-0.00,-0.00,9.80,8.87,-0.01,-0.00,3
7.69,-0.13,-0.06,-0.00,-0.00,0.99,-0.11,-0.00,-0.00,9.78,9.84,0.00,0.00,3
7.70,0.10,0.03,-0.00,-0.00,-0.43,-0.06,-0.00,-0.00,-0.06,8.85,-0.01,-0.00,3
7.71,0.16,0.09,0.00,0.00,-0.65,-0.04,-0.00,-0.00,9.87,8.85,-0.01,-0.00,3
7.72,0.11,0.07,0.00,0.00,0.88,0.02,0.00,0.00,9.81,8.85,-0.01,-0.00,3
7.73,-0.78,-0.08,-0.00,-0.00,0.33,0.12,0.00,0.00,9.79,8.84,-0.01,-0.00,3
7.74,0.88,0.05,0.00,0.00,-0.95,-0.05,-0.00,-0.00,9.88,8.84,-0.01,-0.00,3
7.75,0.80,0.07,0.00,0.00,0.09,0.01,0.00,0.00,9.86,8.84,-0.01,-0.00,3
7.76,-0.47,0.05,0.00,0.00,-0.04,0.03,0.00,0.00,9.86,8.84,-0.01,-0.00,3
7.77,0.84,0.07,0.00,0.00,0.61,0.12,0.00,0.00,9.79,8.84,-0.01,-0.00,3
7.78,0.29,0.18,0.00,0.00,0.05,0.09,0.00,0.00,9.76,8.83,-0.01,-0.00,3
7.79,-0.44,0.15,0.00,0.00,0.85,0.07,0.00,0.00,9.77,8.83,-0.01,-0.00,3
7.80,-0.50,0.09,0.00,0.00,0.25,0.14,0.00,0.00,9.80,9.82,0.00,0.00,3
7.81,0.42,0.11,0.00,0.00,0.16,0.22,0.00,0.00,0.02,8.83,-0.01,-0.00,3
7.82,0.93,0.20,0.00,0.00,-0.75,0.06,0.00,0.00,9.78,8.83,-0.01,-0.00,3
7.83,-0.01,0.27,0.00,0.00,0.89,0.12,0.00,0.00,9.88,8.84,-0.01,-0.00,3
7.84,-0.38,0.15,0.00,0.00,0.46,0.26,0.00,0.00,9.87,8.84,-0.01,-0.00,3
7.85,-0.10,0.06,0.00,0.00,0.19,0.27,0.00,0.00,9.77,8.83,-0.01,-0.00,3
7.86,0.32,0.14,0.00,0.00,-0.44,0.23,0.00,0.00,9.80,8.82,-0.01,-0.00,3
7.87,-0.87,-0.03,-0.00,-0.00,-0.50,0.12,0.00,0.00,9.85,8.83,-0.01,-0.00,3
7.88,0.06,-0.06,-0.00,-0.00,0.08,0.12,0.00,0.00,9.76,8.83,-0.01,-0.00,3
7.89,0.79,0.07,0.00,0.00,-0.44,-0.01,-0.00,-0.00,9.78,8.83,-0.01,-0.00,3
7.90,-0.78,0.04,0.00,0.00,0.47,0.01,0.00,0.00,9.84,8.83,-0.01,-0.00,3
7.91,0.41,0.04,0.00,0.00,0.10,0.01,0.00,0.00,9.82,9.81,0.00,0.00,3
7.92,0.48,-0.01,0.00,0.00,-0.92,-0.01,-0.00,0.00,0.07,8.84,-0.01,-0.00,3
7.93,-0.06,-0.01,-0.00,-0.00,-0.35,-0.13,-0.00,-0.00,9.84,8.84,-0.01,-0.00,3
7.94,-0.42,-0.02,-0.00,-0.00,-0.31,-0.21,-0.00,-0.00,9.89,8.84,-0.01,-0.00,3
7.95,0.93,0.09,0.00,0.00,0.28,-0.20,-0.00,-0.00,9.82,8.85,-0.01,-0.00,3
7.96,0.88,0.14,0.00,0.00,0.59,-0.10,-0.00,-0.00,9.84,8.85,-0.01,-0.00,3
7.97,0.53,0.28,0.00,0.00,-0.62,-0.11,-0.00,-0.00,9.75,8.84,-0.01,-0.00,3
7.98,0.77,0.35,0.00,0.00,0.48,-0.07,-0.00,-0.00,9.89,8.85,-0.01,-0.00,3
7.99,-0.88,0.19,0.00,0.00,0.43,0.01,0.00,0.00,9.89,8.86,-0.01,-0.00,3
8.00,-0.20,0.24,0.00,0.00,0.45,0.01,0.00,0.00,9.80,8.86,-0.01,-0.00,3
8.01,0.62,0.27,0.00,0.00,-0.45,-0.04,-0.00,-0.00,9.86,8.86,-0.01,-0.00,3
8.02,0.35,0.25,0.00,0.00,-0.09,0.04,0.00,0.00,9.80,9.84,0.00,0.00,3
8.03,-0.28,0.23,0.00,0.00,-0.01,0.08,0.00,0.00,0.02,8.86,-0.01,-0.00,3
8.04,0.24,0.30,0.00,0.00,0.80,0.19,0.00,0.00,9.86,8.85,-0.01,-0.00,3
8.05,0.20,0.22,0.00,0.00,0.74,0.23,0.00,0.00,9.75,8.85,-0.01,-0.00,3
8.06,-0.13,0.12,0.00,0.00,-0.26,0.15,0.00,0.00,9.86,8.85,-0.01,-0.00,3
8.07,-0.56,0.01,0.00,0.00,0.59,0.27,0.00,0.00,9.80,8.85,-0.01,-0.00,3
8.08,0.34,-0.03,-0.00,-0.00,0.11,0.23,0.00,0.00,9.83,8.85,-0.01,-0.00,3
8.09,0.04,0.06,0.00,0.00,-0.10,0.18,0.00,0.00,9.76,8.83,-0.01,-0.00,3
8.10,0.35,0.12,0.00,0.00,0.48,0.18,0.00,0.00,9.87,8.84,-0.01,-0.00,3
8.11,0.12,0.07,0.00,0.00,-0.05,0.22,0.00,0.00,9.78,8.83,-0.01,-0.00,3
8.12,-0.44,-0.01,-0.00,-0.00,-0.41,0.19,0.00,0.00,9.83,8.84,-0.01,-0.00,3
8.13,0.07,0.02,0.00,0.00,-0.23,0.17,0.00,0.00,9.88,9.82,0.00,0.00,3
8.14,0.74,0.07,0.00,0.00,-0.92,-0.01,0.00,0.00,-0.04,8.83,-0.01,-0.00,3
8.15,-0.86,-0.03,-0.00,-0.00,0.02,-0.08,-0.00,-0.00,9.88,8.85,-0.01,-0.00,3
8.16,-0.94,-0.11,-0.00,-0.00,0.46,-0.01,-0.00,-0.00,9.86,8.85,-0.01,-0.00,3
8.17,-0.46,-0.10,-0.00,-0.00,0.86,0.02,0.00,0.00,9.80,8.85,-0.01,-0.00,3
8.18,-0.88,-0.23,-0.00,-0.00,0.55,0.07,0.00,0.00,9.77,8.84,-0.01,-0.00,3
8.19,0.64,-0.17,-0.00,-0.00,0.62,0.14,0.00,0.00,9.82,8.85,-0.01,-0.00,3
8.20,-0.25,-0.23,-0.00,-0.00,-0.98,-0.01,-0.00,-0.00,9.83,8.84,-0.01,-0.00,3
8.21,-0.41,-0.28,-0.00,-0.00,0.22,0.02,0.00,0.00,9.75,8.84,-0.01,-0.00,3
8.22,0.30,-0.21,-0.00,-0.00,-0.41,0.02,0.00,0.00,9.77,8.83,-0.01,-0.00,3
8.23,0.84,-0.13,-0.00,-0.00,0.31,0.07,0.00,0.00,9.87,8.83,-0.01,-0.00,3
8.24,-0.22,-0.22,-0.00,-0.00,0.15,0.18,0.00,0.00,9.80,9.82,0.00,0.00,3
8.25,0.90,-0.05,-0.00,-0.00,0.84,0.26,0.00,0.00,-0.04,8.82,-0.01,-0.00,3
8.26,-0.41,0.00,0.00,0.00,0.35,0.25,0.00,0.00,9.89,8.83,-0.01,-0.00,3
8.27,-0.26,0.02,0.00,0.00,0.92,0.26,0.00,0.00,9.76,8.82,-0.01,-0.00,3
8.28,0.38,0.15,0.00,0.00,-0.68,0.13,0.00,0.00,9.77,8.82,-0.01,-0.00,3
8.29,-0.09,0.08,0.00,0.00,-0.18,0.05,0.00,0.00,9.80,8.82,-0.01,-0.00,3
8.30,0.79,0.18,0.00,0.00,0.02,0.15,0.00,0.00,9.89,8.83,-0.01,-0.00,3
8.31,-0.75,0.15,0.00,0.00,-0.15,0.12,0.00,0.00,9.77,8.83,-0.01,-0.00,3
8.32,0.81,0.20,0.00,0.00,-0.64,0.09,0.00,0.00,9.75,8.83,-0.01,-0.00,3
8.33,0.50,0.16,0.00,0.00,-0.90,-0.03,-0.00,-0.00,9.78,8.82,-0.01,-0.00,3
8.34,0.02,0.19,0.00,0.00,-0.47,-0.09,-0.00,-0.00,9.83,8.82,-0.01,-0.00,3
8.35,-0.13,0.09,0.00,0.00,0.54,-0.12,-0.00,-0.00,9.81,9.80,-0.00,-0.00,3
8.36,0.35,0.16,0.00,0.00,-0.79,-0.23,-0.00,-0.00,9.79,9.80,-0.00,-0.00,3
8.37,0.95,0.28,0.00,0.00,-0.94,-0.42,-0.00,-0.00,9.78,9.80,-0.00,-0.00,3
8.38,-0.25,0.22,0.00,0.00,-0.47,-0.40,-0.00,-0.00,9.78,9.80,-0.00,-0.00,3
8.39,-0.70,0.16,0.00,0.00,0.16,-0.36,-0.00,-0.00,9.85,9.80,-0.00,-0.00,3
8.40,-0.05,0.08,0.00,0.00,-0.95,-0.46,-0.00,-0.00,9.84,9.80,-0.00,-0.00,3
8.41,0.75,0.22,0.00,0.00,0.88,-0.36,-0.00,-0.00,9.75,9.80,-0.00,-0.00,3
8.42,0.77,0.22,0.00,0.00,0.24,-0.27,-0.00,-0.00,9.77,9.80,-0.00,-0.00,3
8.43,0.36,0.21,0.00,0.00,-0.35,-0.22,-0.00,-0.00,9.85,9.80,-0.00,-0.00,3
8.44,0.30,0.23,0.00,0.00,-0.30,-0.20,-0.00,-0.00,9.81,9.80,-0.00,-0.00,3
8.45,0.27,0.28,0.00,0.00,-0.82,-0.33,-0.00,-0.00,9.79,9.80,-0.00,-0.00,3
8.46,0.54,0.29,0.00,0.00,0.95,-0.16,-0.00,-0.00,9.79,9.80,-0.00,-0.00,3
8.47,-0.66,0.13,0.00,0.00,-0.85,-0.15,-0.00,-0.00,9.80,9.80,-0.00,-0.00,3
8.48,-0.95,0.06,0.00,0.00,0.82,-0.02,-0.00,-0.00,9.75,9.80,-0.00,-0.00,3
8.49,0.12,0.14,0.00,0.00,-0.24,-0.06,-0.00,-0.00,9.82,9.80,-0.00,-0.00,3
8.50,0.19,0.17,0.00,0.00,0.76,0.11,0.00,0.00,9.76,9.79,-0.00,-0.00,3
8.51,-0.91,0.00,0.00,0.00,0.89,0.11,0.00,0.00,9.84,9.80,-0.00,-0.00,3
8.52,-0.87,-0.16,-0.00,-0.00,0.08,0.09,0.00,0.00,9.84,9.80,-0.00,-0.00,3
8.53,-0.77,-0.27,-0.00,-0.00,0.90,0.22,0.00,0.00,9.77,9.80,-0.00,-0.00,3
8.54,0.31,-0.27,-0.00,-0.00,0.58,0.31,0.00,0.00,9.77,9.79,-0.00,-0.00,3
8.55,-1.00,-0.40,-0.00,-0.00,-0.30,0.36,0.00,0.00,9.89,9.80,-0.00,-0.00,3
8.56,-0.88,-0.54,-0.01,-0.00,0.14,0.28,0.00,0.00,9.84,9.81,-0.00,-0.00,3
8.57,-0.18,-0.49,-0.00,-0.00,0.39,0.40,0.00,0.00,9.86,9.81,0.00,0.00,3
8.58,0.32,-0.37,-0.01,-0.00,-0.18,0.30,0.01,0.00,-0.00,8.84,-0.01,-0.00,3
8.59,0.28,-0.35,-0.00,-0.00,-0.26,0.30,0.00,0.00,9.82,8.84,-0.01,-0.00,3
8.60,-0.62,-0.43,-0.00,-0.00,0.56,0.28,0.00,0.00,9.78,8.84,-0.01,-0.00,3
8.61,-0.14,-0.36,-0.00,-0.00,-0.46,0.14,0.00,0.00,9.83,8.84,-0.01,-0.00,3
8.62,0.11,-0.26,-0.00,-0.00,0.91,0.23,0.00,0.00,9.81,8.84,-0.01,-0.00,3
8.63,-0.19,-0.20,-0.00,-0.00,0.11,0.15,0.00,0.00,9.85,8.84,-0.01,-0.00,3
8.64,0.64,-0.17,-0.00,-0.00,0.67,0.16,0.00,0.00,9.78,8.85,-0.01,-0.00,3
8.65,-0.89,-0.16,-0.00,-0.00,-0.75,0.11,0.00,0.00,9.83,8.84,-0.01,-0.00,3
8.66,-0.65,-0.13,-0.00,-0.00,0.41,0.14,0.00,0.00,9.82,8.84,-0.01,-0.00,3
8.67,0.05,-0.11,-0.00,-0.00,-0.69,0.03,0.00,0.00,9.77,8.83,-0.01,-0.00,3
8.68,-0.04,-0.14,-0.00,-0.00,0.58,0.11,0.00,0.00,9.81,9.81,-0.00,-0.00,3
8.69,0.98,-0.08,-0.00,-0.00,0.16,0.15,0.00,0.00,9.88,9.82,0.00,0.00,3
8.70,-0.69,-0.08,-0.00,-0.00,-0.63,0.03,0.00,0.00,-0.06,8.83,-0.01,-0.00,3
8.71,0.23,-0.04,-0.00,-0.00,-0.65,0.01,0.00,0.00,9.76,8.82,-0.01,-0.00,3
8.72,-0.19,-0.08,-0.00,-0.00,-0.10,-0.09,-0.00,-0.00,9.88,8.83,-0.01,-0.00,3
8.73,0.58,0.00,0.00,0.00,-0.52,-0.15,-0.00,-0.00,9.87,8.83,-0.01,-0.00,3
8.74,-0.45,-0.11,-0.00,-0.00,0.12,-0.21,-0.00,-0.00,9.76,8.83,-0.01,-0.00,3
8.75,0.86,0.07,0.00,0.00,-0.68,-0.20,-0.00,-0.00,9.85,8.83,-0.01,-0.00,3
8.76,0.52,0.18,0.00,0.00,0.68,-0.17,-0.00,-0.00,9.87,8.84,-0.01,-0.00,3
8.77,0.21,0.20,0.00,0.00,-0.17,-0.12,-0.00,-0.00,9.86,8.85,-0.01,-0.00,3
8.78,0.40,0.24,0.00,0.00,-0.99,-0.28,-0.00,-0.00,9.76,8.84,-0.01,-0.00,3
8.79,-0.79,0.07,0.00,0.00,-0.61,-0.36,-0.00,-0.00,9.86,8.84,-0.01,-0.00,3
8.80,0.79,0.22,0.00,0.00,0.27,-0.27,-0.00,-0.00,9.85,9.83,0.00,0.00,3
8.81,0.67,0.26,0.00,0.00,0.57,-0.14,-0.00,-0.00,0.03,8.86,-0.01,-0.00,3
8.82,-0.33,0.25,0.00,0.00,0.21,-0.11,-0.00,-0.00,9.75,8.85,-0.01,-0.00,3
8.83,0.26,0.21,0.00,0.00,0.47,-0.01,-0.00,-0.00,9.87,8.85,-0.01,-0.00,3
8.84,0.37,0.30,0.00,0.00,-0.02,-0.03,-0.00,-0.00,9.86,8.86,-0.01,-0.00,3
8.85,-0.93,0.12,0.00,0.00,0.64,0.10,0.00,0.00,9.87,8.86,-0.01,-0.00,3
8.86,0.69,0.13,0.00,0.00,0.46,0.08,0.00,0.00,9.85,8.86,-0.01,-0.00,3
8.87,0.82,0.19,0.00,0.00,0.66,0.17,0.00,0.00,9.88,8.86,-0.01,-0.00,3
8.88,-0.69,0.09,0.00,0.00,-0.25,0.24,0.00,0.00,9.84,8.87,-0.01,-0.00,3
8.89,0.21,0.19,0.00,0.00,-0.80,0.22,0.00,0.00,9.78,8.86,-0.01,-0.00,3
8.90,0.49,0.16,0.00,0.00,-0.62,0.13,0.00,0.00,9.76,8.85,-0.01,-0.00,3
8.91,-0.09,0.08,0.00,0.00,0.40,0.12,0.00,0.00,9.76,9.82,0.00,0.00,3
8.92,-0.58,0.06,0.00,0.00,0.77,0.17,0.00,0.00,0.01,8.85,-0.01,-0.00,3
8.93,0.65,0.09,0.00,0.00,0.71,0.19,0.00,0.00,9.84,8.85,-0.01,-0.00,3
8.94,-0.07,0.05,0.00,0.00,0.84,0.28,0.00,0.00,9.80,8.84,-0.01,-0.00,3
8.95,0.66,0.21,0.00,0.00,-0.64,0.15,0.00,0.00,9.77,8.83,-0.01,-0.00,3
8.96,0.01,0.14,0.00,0.00,0.24,0.13,0.00,0.00,9.82,8.83,-0.01,-0.00,3
8.97,0.54,0.11,0.00,0.00,-0.89,-0.02,-0.00,-0.00,9.83,8.82,-0.01,-0.00,3
8.98,-0.63,0.12,0.00,0.00,0.55,0.06,0.00,0.00,9.76,8.81,-0.01,-0.00,3
8.99,0.34,0.13,0.00,0.00,-0.73,0.06,0.00,0.00,9.84,8.82,-0.01,-0.00,3
9.00,-0.55,0.03,0.00,0.00,-0.13,0.11,0.00,0.00,9.77,8.82,-0.01,-0.00,3
9.01,0.46,0.08,0.00,0.00,-0.36,0.04,0.00,0.00,9.86,8.83,-0.01,-0.00,3
9.02,0.00,0.14,0.00,0.00,0.39,-0.00,-0.00,-0.00,9.85,9.81,0.00,0.00,3
9.03,-0.51,0.03,0.00,0.00,0.15,-0.06,-0.00,-0.00,0.08,8.84,-0.01,-0.00,3
9.04,-0.66,-0.03,-0.00,-0.00,-0.31,-0.17,-0.00,-0.00,9.75,8.83,-0.01,-0.00,3
9.05,-0.72,-0.17,-0.00,-0.00,-0.16,-0.13,-0.00,-0.00,9.80,8.84,-0.01,-0.00,3
9.06,0.13,-0.16,-0.00,-0.00,-0.43,-0.19,-0.00,-0.00,9.84,8.84,-0.01,-0.00,3
9.07,-0.24,-0.24,-0.00,-0.00,-0.41,-0.14,-0.00,-0.00,9.78,8.83,-0.01,-0.00,3
9.08,-0.84,-0.26,-0.00,-0.00,-1.00,-0.30,-0.00,-0.00,9.81,8.84,-0.01,-0.00,3
9.09,-0.91,-0.38,-0.00,-0.00,0.85,-0.14,-0.00,-0.00,9.85,8.84,-0.01,-0.00,3
9.10,-0.95,-0.42,-0.00,-0.00,-0.49,-0.18,-0.00,-0.00,9.79,8.84,-0.01,-0.00,3
9.11,-0.83,-0.55,-0.01,-0.00,-0.36,-0.18,-0.00,-0.00,9.84,8.84,-0.01,-0.00,3
9.12,-0.77,-0.63,-0.01,-0.00,-0.54,-0.27,-0.00,-0.00,9.79,8.83,-0.01,-0.00,3
9.13,-0.96,-0.68,-0.01,-0.00,-0.46,-0.33,-0.00,-0.00,9.81,9.81,-0.00,-0.00,3
9.14,-0.82,-0.69,-0.01,-0.00,-0.49,-0.35,-0.00,-0.00,9.82,9.81,0.00,0.00,3
9.15,0.13,-0.61,-0.01,-0.00,-0.88,-0.42,-0.01,-0.00,-0.00,8.83,-0.01,-0.00,3
9.16,0.74,-0.54,-0.01,-0.00,-0.80,-0.46,-0.00,-0.00,9.86,8.84,-0.01,-0.00,3
9.17,-0.56,-0.58,-0.01,-0.00,0.24,-0.39,-0.00,-0.00,9.78,8.84,-0.01,-0.00,3
9.18,-0.80,-0.57,-0.01,-0.00,-0.93,-0.39,-0.00,-0.00,9.84,8.84,-0.01,-0.00,3
9.19,-0.09,-0.49,-0.00,-0.00,-0.88,-0.56,-0.01,-0.00,9.81,8.83,-0.01,-0.00,3
9.20,0.82,-0.31,-0.00,-0.00,0.68,-0.44,-0.00,-0.00,9.78,8.83,-0.01,-0.00,3
9.21,-0.24,-0.25,-0.00,-0.00,-0.65,-0.47,-0.00,-0.00,9.82,8.83,-0.01,-0.00,3
9.22,0.25,-0.15,-0.00,-0.00,0.30,-0.39,-0.00,-0.00,9.87,8.84,-0.01,-0.00,3
9.23,-0.08,-0.06,-0.00,-0.00,0.19,-0.32,-0.00,-0.00,9.76,8.83,-0.01,-0.00,3
9.24,-0.07,0.01,0.00,0.00,-0.19,-0.29,-0.00,-0.00,9.79,8.83,-0.01,-0.00,3
9.25,0.10,0.01,0.00,0.00,0.11,-0.19,-0.00,-0.00,9.80,9.81,0.00,0.00,3
9.26,-0.85,-0.15,-0.00,-0.00,0.69,-0.04,-0.00,-0.00,0.06,8.83,-0.01,-0.00,3
9.27,-0.94,-0.19,-0.00,-0.00,0.26,-0.04,-0.00,-0.00,9.77,8.83,-0.01,-0.00,3
9.28,0.05,-0.10,-0.00,-0.00,-0.18,0.03,0.00,0.00,9.84,8.83,-0.01,-0.00,3
9.29,0.39,-0.06,-0.00,-0.00,0.37,0.16,0.00,0.00,9.85,8.83,-0.01,-0.00,3
9.30,0.57,-0.08,-0.00,-0.00,0.92,0.18,0.00,0.00,9.89,8.85,-0.01,-0.00,3
9.31,0.66,0.01,0.00,0.00,0.66,0.31,0.00,0.00,9.80,8.84,-0.01,-0.00,3
9.32,-0.92,-0.11,-0.00,-0.00,-0.28,0.26,0.00,0.00,9.86,8.84,-0.01,-0.00,3
9.33,-0.14,-0.12,-0.00,-0.00,0.79,0.31,0.00,0.00,9.81,8.85,-0.01,-0.00,3
9.34,0.54,-0.05,-0.00,-0.00,0.18,0.35,0.00,0.00,9.87,8.86,-0.01,-0.00,3
9.35,0.38,-0.03,-0.00,-0.00,0.33,0.37,0.00,0.00,9.79,8.85,-0.01,-0.00,3
9.36,0.41,0.10,0.00,0.00,0.68,0.37,0.00,0.00,9.82,9.83,0.00,0.00,3
9.37,0.78,0.27,0.00,0.00,0.30,0.38,0.01,0.00,0.01,8.85,-0.01,-0.00,3
9.38,-0.62,0.20,0.00,0.00,0.02,0.40,0.00,0.00,9.88,8.86,-0.01,-0.00,3
9.39,0.12,0.18,0.00,0.00,-0.24,0.34,0.00,0.00,9.79,8.85,-0.01,-0.00,3
9.40,0.08,0.13,0.00,0.00,-0.79,0.16,0.00,0.00,9.81,8.84,-0.01,-0.00,3
9.41,-0.19,0.04,0.00,0.00,-0.26,0.07,0.00,0.00,9.77,8.84,-0.01,-0.00,3
9.42,0.17,0.15,0.00,0.00,0.92,0.19,0.00,0.00,9.88,8.84,-0.01,-0.00,3
9.43,0.01,0.17,0.00,0.00,0.92,0.21,0.00,0.00,9.78,8.84,-0.01,-0.00,3
9.44,-0.35,0.08,0.00,0.00,-0.43,0.14,0.00,0.00,9.86,8.84,-0.01,-0.00,3
9.45,-0.14,0.03,0.00,0.00,0.10,0.12,0.00,0.00,9.83,8.84,-0.01,-0.00,3
9.46,0.38,0.02,0.00,0.00,-0.99,-0.05,-0.00,-0.00,9.84,8.84,-0.01,-0.00,3
9.47,-0.72,-0.13,-0.00,-0.00,0.51,-0.02,-0.00,-0.00,9.88,9.83,0.00,0.00,3
9.48,-0.87,-0.15,-0.00,-0.00,-0.74,-0.10,-0.00,-0.00,-0.04,8.84,-0.01,-0.00,3
9.49,0.98,-0.07,-0.00,-0.00,-0.85,-0.16,-0.00,-0.00,9.86,8.85,-0.01,-0.00,3
9.50,-0.17,-0.09,-0.00,-0.00,-0.86,-0.17,-0.00,-0.00,9.84,8.85,-0.01,-0.00,3
9.51,-0.39,-0.11,-0.00,-0.00,-0.60,-0.20,-0.00,-0.00,9.88,8.86,-0.01,-0.00,3
9.52,0.13,-0.11,-0.00,-0.00,0.11,-0.28,-0.00,-0.00,9.86,8.86,-0.01,-0.00,3
9.53,0.95,-0.02,-0.00,-0.00,0.74,-0.30,-0.00,-0.00,9.85,8.87,-0.01,-0.00,3
9.54,0.90,0.11,0.00,0.00,0.18,-0.24,-0.00,-0.00,9.82,8.86,-0.01,-0.00,3
9.55,0.77,0.20,0.00,0.00,-0.33,-0.28,-0.00,-0.00,9.85,8.86,-0.01,-0.00,3
9.56,0.52,0.21,0.00,0.00,-0.73,-0.26,-0.00,-0.00,9.83,8.86,-0.01,-0.00,3
9.57,-0.59,0.22,0.00,0.00,-0.40,-0.35,-0.00,-0.00,9.77,8.85,-0.01,-0.00,3
9.58,0.88,0.40,0.00,0.00,0.13,-0.26,-0.00,-0.00,9.88,9.84,0.00,0.00,3
9.59,-0.97,0.20,0.01,0.00,-0.81,-0.26,-0.01,-0.00,0.03,8.86,-0.01,-0.00,3
9.60,-0.77,0.14,0.00,0.00,0.05,-0.17,-0.00,-0.00,9.89,8.87,-0.01,-0.00,3
9.61,-0.95,0.09,0.00,0.00,0.86,-0.02,-0.00,-0.00,9.79,8.86,-0.01,-0.00,3
9.62,0.87,0.16,0.00,0.00,0.16,-0.02,-0.00,-0.00,9.86,8.86,-0.01,-0.00,3
9.63,-0.11,0.05,0.00,0.00,-0.68,-0.16,-0.00,-0.00,9.82,8.85,-0.01,-0.00,3
9.64,0.28,-0.01,-0.00,-0.00,0.21,-0.15,-0.00,-0.00,9.77,8.85,-0.01,-0.00,3
9.65,-0.33,-0.12,-0.00,-0.00,0.24,-0.10,-0.00,-0.00,9.81,8.84,-0.01,-0.00,3
9.66,-0.43,-0.21,-0.00,-0.00,-0.13,-0.04,-0.00,-0.00,9.78,8.84,-0.01,-0.00,3
9.67,0.32,-0.12,-0.00,-0.00,0.45,0.05,0.00,0.00,9.80,8.84,-0.01,-0.00,3
9.68,0.19,-0.19,-0.00,-0.00,-0.26,0.01,0.00,0.00,9.78,8.83,-0.01,-0.00,3
9.69,-0.21,-0.11,-0.00,-0.00,-0.26,0.06,0.00,0.00,9.89,9.82,0.00,0.00,3
9.70,-0.37,-0.07,-0.00,-0.00,-0.12,0.05,0.00,0.00,-0.04,8.83,-0.01,-0.00,3
9.71,0.57,0.08,0.00,0.00,-0.67,-0.11,-0.00,-0.00,9.84,8.83,-0.01,-0.00,3
9.72,-0.01,-0.01,-0.00,-0.00,-0.03,-0.12,-0.00,-0.00,9.89,8.83,-0.01,-0.00,3
9.73,0.50,0.05,0.00,0.00,0.37,-0.02,-0.00,-0.00,9.77,8.83,-0.01,-0.00,3
9.74,0.00,0.02,0.00,0.00,-0.83,-0.12,-0.00,-0.00,9.79,8.83,-0.01,-0.00,3
9.75,0.61,0.12,0.00,0.00,0.68,-0.08,-0.00,-0.00,9.76,8.83,-0.01,-0.00,3
9.76,0.37,0.20,0.00,0.00,0.06,-0.06,-0.00,-0.00,9.76,8.82,-0.01,-0.00,3
9.77,0.98,0.26,0.00,0.00,-0.14,-0.12,-0.00,-0.00,9.84,8.83,-0.01,-0.00,3
9.78,-0.56,0.19,0.00,0.00,0.28,-0.07,-0.00,-0.00,9.83,8.83,-0.01,-0.00,3
9.79,0.18,0.23,0.00,0.00,0.01,-0.04,-0.00,-0.00,9.78,8.82,-0.01,-0.00,3
9.80,0.89,0.35,0.00,0.00,-0.88,-0.12,-0.00,-0.00,9.76,9.80,-0.00,-0.00,3
9.81,0.00,0.30,0.00,0.00,-0.80,-0.13,-0.00,-0.00,9.76,9.79,-0.00,-0.00,3
9.82,-0.76,0.22,0.00,0.00,-0.85,-0.21,-0.00,-0.00,9.80,9.79,-0.00,-0.00,3
9.83,-0.30,0.14,0.00,0.00,0.94,-0.15,-0.00,-0.00,9.87,9.80,-0.00,-0.00,3
9.84,-0.51,0.09,0.00,0.00,0.86,0.02,0.00,0.00,9.84,9.80,-0.00,-0.00,3
9.85,0.41,0.07,0.00,0.00,-0.13,-0.07,-0.00,-0.00,9.80,9.80,-0.00,-0.00,3
9.86,-0.54,-0.02,-0.00,-0.00,-0.40,-0.11,-0.00,-0.00,9.85,9.81,0.00,0.00,3
9.87,-0.09,-0.13,-0.00,-0.00,0.36,-0.06,-0.00,-0.00,0.06,8.84,-0.01,-0.00,3
9.88,0.30,-0.04,-0.00,-0.00,-0.85,-0.17,-0.00,-0.00,9.85,8.84,-0.01,-0.00,3
9.89,0.43,-0.02,-0.00,-0.00,0.06,-0.17,-0.00,-0.00,9.88,8.85,-0.01,-0.00,3
9.90,-0.49,-0.16,-0.00,-0.00,-0.99,-0.18,-0.00,-0.00,9.85,8.86,-0.01,-0.00,3
9.91,0.64,-0.09,-0.00,-0.00,0.00,-0.10,-0.00,-0.00,9.81,8.86,-0.01,-0.00,3
9.92,-0.92,-0.11,-0.00,-0.00,0.85,0.07,0.00,0.00,9.78,8.86,-0.01,-0.00,3
9.93,0.77,-0.00,-0.00,-0.00,0.66,0.04,0.00,0.00,9.81,8.85,-0.01,-0.00,3
9.94,0.99,0.15,0.00,0.00,-0.46,-0.09,-0.00,-0.00,9.77,8.85,-0.01,-0.00,3
9.95,-0.20,0.09,0.00,0.00,0.69,-0.01,-0.00,-0.00,9.87,8.85,-0.01,-0.00,3
9.96,-0.95,0.05,0.00,0.00,-0.18,0.01,0.00,0.00,9.84,8.85,-0.01,-0.00,3
9.97,0.36,0.09,0.00,0.00,-0.33,-0.06,-0.00,-0.00,9.83,9.83,0.00,0.00,3
9.98,-0.27,0.04,0.00,0.00,-0.31,-0.00,-0.00,-0.00,-0.01,8.84,-0.01,-0.00,3
9.99,0.77,0.07,0.00,0.00,-0.13,-0.02,-0.00,-0.00,9.80,8.84,-0.01,-0.00,3
10.00,-0.10,0.11,0.00,0.00,-0.08,0.07,0.00,0.00,9.83,8.83,-0.01,-0.00,3
